BOLOMBOY JOEL,9:28,2,0,0,2/2,1,1,2,0,0,1,1,0,2,2,4,12.30.2020,CSKA,Milan,FALSE
JAMES MIKE,39:58,20,4/12,3/12,3/4,2,2,4,11,0,7,0,1,2,6,13,12.30.2020,CSKA,Milan,FALSE
HILLIARD DARRUN,24:27,7,2/5,1/7,0,0,1,1,2,1,2,0,1,3,2,-2,12.30.2020,CSKA,Milan,FALSE
HACKETT DANIEL,29:33,19,2/4,3/7,6/8,2,3,5,2,1,0,0,0,3,6,22,12.30.2020,CSKA,Milan,FALSE
ANTONOV SEMEN,10:20,0,0/1,0/2,0,1,1,2,0,0,0,0,0,1,0,-2,12.30.2020,CSKA,Milan,FALSE
STRELNIEKS JANIS,12:22,3,0/5,1/1,0,1,0,1,1,0,1,0,0,3,1,-3,12.30.2020,CSKA,Milan,FALSE
VOIGTMANN JOHANNES,30:12,13,1/1,3/5,2/2,1,11,12,0,0,1,0,0,2,3,23,12.30.2020,CSKA,Milan,FALSE
SHENGELIA TORNIKE,14:48,8,4/5,0,0,3,4,7,0,1,2,0,0,5,4,12,12.30.2020,CSKA,Milan,FALSE
MILUTINOV NIKOLA,32:15,17,6/13,0,5/6,16,3,19,0,0,2,1,1,1,5,30,12.30.2020,CSKA,Milan,FALSE
KURBANOV NIKITA,21:37,2,1/2,0/2,0,1,3,4,1,0,0,0,0,4,0,0,12.30.2020,CSKA,Milan,FALSE
BOLOMBOY JOEL,25:59,13,5/6,0,3/3,4,5,9,0,0,0,2,0,2,2,23,01.07.2021,CSKA,Baskonia,FALSE
KHOMENKO ALEXANDER,5:11,0,0,0/2,0,0,0,0,0,0,0,0,0,1,2,-1,01.07.2021,CSKA,Baskonia,FALSE
JAMES MIKE,34:49,20,3/11,4/8,2/2,0,5,5,7,1,0,0,2,0,6,25,01.07.2021,CSKA,Baskonia,FALSE
HILLIARD DARRUN,12:39,9,0/1,3/4,0,0,1,1,0,0,0,0,0,3,0,5,01.07.2021,CSKA,Baskonia,FALSE
UKHOV IVAN,14:59,5,1/3,1/2,0,0,1,1,1,0,2,0,0,2,2,2,01.07.2021,CSKA,Baskonia,FALSE
ANTONOV SEMEN,11:47,7,2/3,1/2,0,3,0,3,0,1,0,0,0,0,0,9,01.07.2021,CSKA,Baskonia,FALSE
STRELNIEKS JANIS,23:14,13,2/5,2/2,3/5,0,3,3,1,0,1,0,0,2,2,11,01.07.2021,CSKA,Baskonia,FALSE
VOIGTMANN JOHANNES,5:37,3,0,1/2,0,0,1,1,1,0,1,0,0,3,1,1,01.07.2021,CSKA,Baskonia,FALSE
SHENGELIA TORNIKE,28:57,13,5/14,0/3,3/4,6,3,9,6,1,1,0,3,4,3,11,01.07.2021,CSKA,Baskonia,FALSE
MILUTINOV NIKOLA,13:31,4,2/4,0,0,2,1,3,0,0,0,0,0,0,1,6,01.07.2021,CSKA,Baskonia,FALSE
KURBANOV NIKITA,23:17,6,0,2/3,0,0,1,1,0,2,1,0,0,4,0,3,01.07.2021,CSKA,Baskonia,FALSE
BOLOMBOY JOEL,12:30,0,0/1,0/1,0,1,3,4,0,2,0,0,0,0,1,5,01.13.2021,CSKA,Zalgiris,TRUE
KHOMENKO ALEXANDER,6:40,0,0/1,0,0,0,0,0,0,0,1,0,0,3,1,-4,01.13.2021,CSKA,Zalgiris,TRUE
JAMES MIKE,33:09,21,4/7,3/9,4/6,0,3,3,5,0,3,0,0,0,6,21,01.13.2021,CSKA,Zalgiris,TRUE
HILLIARD DARRUN,27:40,17,5/7,2/3,1/1,0,4,4,0,0,1,0,1,4,2,14,01.13.2021,CSKA,Zalgiris,TRUE
UKHOV IVAN,4:25,0,0/1,0,0,1,2,3,1,0,0,0,0,1,0,2,01.13.2021,CSKA,Zalgiris,TRUE
ANTONOV SEMEN,8:35,2,1/1,0,0,1,2,3,1,0,0,0,0,1,1,6,01.13.2021,CSKA,Zalgiris,TRUE
STRELNIEKS JANIS,8:06,2,1/2,0/2,0,0,0,0,3,1,0,0,0,4,0,-1,01.13.2021,CSKA,Zalgiris,TRUE
VOIGTMANN JOHANNES,13:48,11,3/6,1/3,2/2,1,1,2,1,0,1,0,0,1,1,8,01.13.2021,CSKA,Zalgiris,TRUE
SHENGELIA TORNIKE,27:30,18,5/9,1/3,5/5,4,3,7,1,0,4,0,0,4,4,16,01.13.2021,CSKA,Zalgiris,TRUE
MILUTINOV NIKOLA,27:30,10,4/8,0,2/2,5,9,14,0,0,1,0,0,0,3,22,01.13.2021,CSKA,Zalgiris,TRUE
KURBANOV NIKITA,30:07,2,1/1,0/1,0,1,2,3,7,1,0,1,0,2,0,11,01.13.2021,CSKA,Zalgiris,TRUE
BOLOMBOY JOEL,12:29,7,1/3,1/1,2/2,0,0,0,0,0,0,0,0,2,1,4,01.15.2021,CSKA,Barcelona,TRUE
KHOMENKO ALEXANDER,7:29,0,0/3,0,0,1,0,1,0,0,0,0,0,2,2,-2,01.15.2021,CSKA,Barcelona,TRUE
JAMES MIKE,31:25,18,5/8,1/6,5/5,0,4,4,4,1,2,1,0,3,5,20,01.15.2021,CSKA,Barcelona,TRUE
HILLIARD DARRUN,29:01,10,5/15,0/6,0,4,5,9,3,0,1,1,1,2,3,6,01.15.2021,CSKA,Barcelona,TRUE
ANTONOV SEMEN,7:04,2,1/1,0,0,0,1,1,0,1,1,0,0,1,1,3,01.15.2021,CSKA,Barcelona,TRUE
STRELNIEKS JANIS,16:50,4,1/3,0/2,2/2,0,0,0,4,0,0,0,0,0,2,6,01.15.2021,CSKA,Barcelona,TRUE
VOIGTMANN JOHANNES,15:13,5,0/4,1/2,2/2,5,2,7,0,1,0,1,0,2,1,8,01.15.2021,CSKA,Barcelona,TRUE
SHENGELIA TORNIKE,27:31,10,2/6,1/2,3/6,2,5,7,2,0,3,0,1,2,5,10,01.15.2021,CSKA,Barcelona,TRUE
MILUTINOV NIKOLA,26:18,15,5/6,0,5/6,5,1,6,1,0,0,0,0,2,5,23,01.15.2021,CSKA,Barcelona,TRUE
KURBANOV NIKITA,26:40,4,1/1,0/2,2/2,0,2,2,1,1,0,1,0,3,1,5,01.15.2021,CSKA,Barcelona,TRUE
BOLOMBOY JOEL,11:48,0,0/1,0/1,0,0,2,2,1,0,0,0,0,0,2,3,01.22.2021,CSKA,Fenerbahce,TRUE
JAMES MIKE,29:50,11,2/7,2/8,1/3,2,2,4,3,0,1,0,1,0,1,4,01.22.2021,CSKA,Fenerbahce,TRUE
HILLIARD DARRUN,23:00,8,2/5,0/2,4/4,0,4,4,1,1,0,1,2,4,2,6,01.22.2021,CSKA,Fenerbahce,TRUE
HACKETT DANIEL,18:10,12,3/4,1/3,3/5,0,0,0,0,0,1,0,0,4,9,11,01.22.2021,CSKA,Fenerbahce,TRUE
ANTONOV SEMEN,4:15,0,0/1,0,0,0,0,0,1,0,1,0,0,0,0,-1,01.22.2021,CSKA,Fenerbahce,TRUE
STRELNIEKS JANIS,16:52,12,3/3,2/3,0,0,0,0,1,0,0,0,0,4,0,8,01.22.2021,CSKA,Fenerbahce,TRUE
VOIGTMANN JOHANNES,15:44,3,0,1/2,0,0,5,5,1,0,1,0,0,3,0,4,01.22.2021,CSKA,Fenerbahce,TRUE
SHENGELIA TORNIKE,24:42,18,6/7,1/3,3/6,1,1,2,4,1,6,0,0,1,5,17,01.22.2021,CSKA,Fenerbahce,TRUE
MILUTINOV NIKOLA,28:10,12,4/5,0,4/4,3,4,7,2,0,0,0,0,1,2,21,01.22.2021,CSKA,Fenerbahce,TRUE
KURBANOV NIKITA,27:29,7,2/2,1/2,0,1,1,2,3,0,2,0,0,2,0,7,01.22.2021,CSKA,Fenerbahce,TRUE
BOLOMBOY JOEL,6:07,0,0,0,0/2,2,0,2,0,1,0,0,0,0,1,2,01.27.2021,CSKA,Alba,FALSE
KHOMENKO ALEXANDER,16:57,6,2/3,0/1,2/2,2,0,2,2,0,1,0,0,3,3,7,01.27.2021,CSKA,Alba,FALSE
HILLIARD DARRUN,12:58,3,1/4,0/3,1/2,0,2,2,0,1,3,0,2,1,1,-6,01.27.2021,CSKA,Alba,FALSE
UKHOV IVAN,10:30,6,0,2/3,0,1,2,3,2,0,2,0,0,1,0,7,01.27.2021,CSKA,Alba,FALSE
HACKETT DANIEL,22:09,13,2/6,1/2,6/6,0,2,2,0,2,1,0,0,4,6,13,01.27.2021,CSKA,Alba,FALSE
ANTONOV SEMEN,9:02,0,0/1,0,0,0,0,0,1,0,0,0,0,0,0,0,01.27.2021,CSKA,Alba,FALSE
STRELNIEKS JANIS,23:57,3,1/3,0/1,1/2,0,0,0,3,0,3,0,0,2,2,-1,01.27.2021,CSKA,Alba,FALSE
VOIGTMANN JOHANNES,15:23,5,0/1,1/3,2/2,0,1,1,1,1,1,0,0,1,4,7,01.27.2021,CSKA,Alba,FALSE
SHENGELIA TORNIKE,26:09,20,5/7,2/3,4/6,0,1,1,3,2,2,1,0,3,4,21,01.27.2021,CSKA,Alba,FALSE
MILUTINOV NIKOLA,30:48,10,4/8,0,2/2,5,6,11,3,1,2,1,1,2,2,19,01.27.2021,CSKA,Alba,FALSE
KURBANOV NIKITA,26:00,5,1/2,1/2,0,2,2,4,1,0,1,0,0,3,1,5,01.27.2021,CSKA,Alba,FALSE
BOLOMBOY JOEL,14:36,6,2/4,0/1,2/2,2,2,4,1,0,2,0,0,0,1,7,01.29.2021,CSKA,Bayern,TRUE
KHOMENKO ALEXANDER,11:03,6,2/3,0,2/2,0,0,0,1,0,1,0,0,2,2,5,01.29.2021,CSKA,Bayern,TRUE
HILLIARD DARRUN,25:00,15,1/8,4/8,1/2,0,0,0,1,1,1,0,0,1,3,6,01.29.2021,CSKA,Bayern,TRUE
UKHOV IVAN,11:42,0,0/1,0,0,1,3,4,1,0,1,0,0,3,0,0,01.29.2021,CSKA,Bayern,TRUE
HACKETT DANIEL,28:57,4,2/6,0/4,0,0,8,8,3,0,4,0,0,1,4,6,01.29.2021,CSKA,Bayern,TRUE
ANTONOV SEMEN,5:42,0,0,0,0,0,1,1,0,0,0,1,0,0,0,2,01.29.2021,CSKA,Bayern,TRUE
STRELNIEKS JANIS,8:14,0,0/1,0/1,0,0,0,0,1,0,1,0,0,2,0,-4,01.29.2021,CSKA,Bayern,TRUE
VOIGTMANN JOHANNES,15:25,8,1/2,2/3,0,1,2,3,2,1,1,0,0,1,0,10,01.29.2021,CSKA,Bayern,TRUE
SHENGELIA TORNIKE,29:02,11,2/8,0,7/7,2,1,3,3,2,2,0,0,4,7,14,01.29.2021,CSKA,Bayern,TRUE
MILUTINOV NIKOLA,20:57,16,6/8,1/1,1/1,5,2,7,0,0,1,1,1,2,3,21,01.29.2021,CSKA,Bayern,TRUE
KURBANOV NIKITA,29:22,0,0/1,0,0,1,7,8,2,0,2,0,0,1,0,6,01.29.2021,CSKA,Bayern,TRUE
BOLOMBOY JOEL,29:56,10,4/4,0,2/2,1,3,4,1,0,2,2,0,5,2,12,02.04.2021,CSKA,Valencia,FALSE
KHOMENKO ALEXANDER,0:04,0,0,0,0,0,0,0,0,0,0,0,0,1,0,-1,02.04.2021,CSKA,Valencia,FALSE
JAMES MIKE,40:08,37,7/12,4/15,11/13,1,2,3,7,4,6,0,1,2,7,31,02.04.2021,CSKA,Valencia,FALSE
HILLIARD DARRUN,6:32,2,0,0/1,2/2,0,1,1,0,0,0,0,0,2,1,1,02.04.2021,CSKA,Valencia,FALSE
UKHOV IVAN,8:48,0,0,0/2,0,0,0,0,1,1,0,0,0,2,0,-2,02.04.2021,CSKA,Valencia,FALSE
HACKETT DANIEL,43:15,8,0/3,2/4,2/2,3,3,6,4,1,2,0,1,2,8,17,02.04.2021,CSKA,Valencia,FALSE
ANTONOV SEMEN,19:01,2,1/3,0/2,0,1,2,3,0,0,0,1,0,3,0,-1,02.04.2021,CSKA,Valencia,FALSE
STRELNIEKS JANIS,21:32,8,1/2,2/4,0,0,1,1,1,0,0,0,0,3,1,5,02.04.2021,CSKA,Valencia,FALSE
VOIGTMANN JOHANNES,42:19,19,5/5,2/7,3/3,1,8,9,4,0,1,1,0,2,2,27,02.04.2021,CSKA,Valencia,FALSE
KURBANOV NIKITA,38:25,17,3/4,3/5,2/3,0,4,4,3,1,2,1,0,4,2,18,02.04.2021,CSKA,Valencia,FALSE
LUNDBERG IFFE,26:26,13,2/4,3/6,0/2,0,4,4,3,2,0,0,0,1,1,15,02.25.2021,CSKA,Olympiacos,FALSE
BOLOMBOY JOEL,24:57,10,3/4,1/3,1/2,3,5,8,0,1,0,0,0,2,1,14,02.25.2021,CSKA,Olympiacos,FALSE
JAMES MIKE,30:19,15,3/7,2/6,3/5,1,3,4,6,0,4,0,1,2,8,16,02.25.2021,CSKA,Olympiacos,FALSE
HILLIARD DARRUN,15:37,4,2/4,0/2,0,0,4,4,1,0,1,0,1,1,1,3,02.25.2021,CSKA,Olympiacos,FALSE
ANTONOV SEMEN,2:07,0,0,0,0,0,0,0,0,0,0,0,0,1,0,-1,02.25.2021,CSKA,Olympiacos,FALSE
STRELNIEKS JANIS,7:36,2,1/1,0,0,0,2,2,0,0,1,0,0,1,0,2,02.25.2021,CSKA,Olympiacos,FALSE
VOIGTMANN JOHANNES,19:44,14,3/4,2/4,2/2,0,1,1,2,2,1,0,0,2,2,15,02.25.2021,CSKA,Olympiacos,FALSE
CLYBURN WILL,18:25,2,1/4,0/1,0,0,0,0,3,1,2,0,1,1,0,-2,02.25.2021,CSKA,Olympiacos,FALSE
SHENGELIA TORNIKE,21:33,8,2/5,0,4/6,1,3,4,0,3,2,0,1,3,3,7,02.25.2021,CSKA,Olympiacos,FALSE
KURBANOV NIKITA,21:37,5,1/3,0/3,3/3,2,4,6,2,1,1,0,0,1,1,8,02.25.2021,CSKA,Olympiacos,FALSE
ERIC MICHAEL,11:39,2,1/2,0,0,2,3,5,0,0,1,1,0,1,0,5,02.25.2021,CSKA,Olympiacos,FALSE
LUNDBERG IFFE,28:16,12,0/1,4/8,0,2,2,4,1,1,1,0,0,1,4,15,03.02.2021,CSKA,Maccabi,FALSE
BOLOMBOY JOEL,16:04,6,1/2,0,4/4,0,3,3,0,1,0,0,1,3,2,7,03.02.2021,CSKA,Maccabi,FALSE
JAMES MIKE,31:19,10,2/5,1/6,3/4,0,2,2,6,0,2,1,1,0,3,10,03.02.2021,CSKA,Maccabi,FALSE
HILLIARD DARRUN,24:45,17,1/2,5/10,0,0,2,2,0,1,2,1,0,2,0,11,03.02.2021,CSKA,Maccabi,FALSE
HACKETT DANIEL,16:02,1,0/1,0/1,1/2,0,1,1,3,3,0,0,0,2,2,5,03.02.2021,CSKA,Maccabi,FALSE
ANTONOV SEMEN,2:26,0,0,0,0,0,0,0,0,0,0,0,0,1,0,-1,03.02.2021,CSKA,Maccabi,FALSE
STRELNIEKS JANIS,0:50,0,0/1,0,0,0,0,0,0,0,0,0,0,0,0,-1,03.02.2021,CSKA,Maccabi,FALSE
VOIGTMANN JOHANNES,2:23,0,0,0/1,0,0,1,1,0,0,0,0,0,2,0,-2,03.02.2021,CSKA,Maccabi,FALSE
CLYBURN WILL,25:23,21,7/9,1/3,4/6,1,4,5,0,1,2,0,0,4,5,20,03.02.2021,CSKA,Maccabi,FALSE
SHENGELIA TORNIKE,21:08,8,2/5,0/2,4/6,0,2,2,2,2,2,0,1,0,5,9,03.02.2021,CSKA,Maccabi,FALSE
KURBANOV NIKITA,11:50,3,0,1/1,0,0,0,0,0,1,0,0,0,1,0,3,03.02.2021,CSKA,Maccabi,FALSE
ERIC MICHAEL,19:34,6,3/4,0,0,4,4,8,0,0,2,0,0,2,0,9,03.02.2021,CSKA,Maccabi,FALSE
LUNDBERG IFFE,20:50,7,2/5,1/2,0,1,1,2,0,2,3,0,0,3,1,2,03.04.2021,CSKA,Anadolu Efes,FALSE
BOLOMBOY JOEL,22:10,8,3/3,0,2/4,1,2,3,0,1,1,0,0,1,2,10,03.04.2021,CSKA,Anadolu Efes,FALSE
JAMES MIKE,25:14,5,0/4,1/5,2/2,0,0,0,8,0,2,0,0,0,2,5,03.04.2021,CSKA,Anadolu Efes,FALSE
HILLIARD DARRUN,15:31,7,2/4,1/2,0,1,2,3,0,1,2,0,0,0,1,7,03.04.2021,CSKA,Anadolu Efes,FALSE
HACKETT DANIEL,10:22,7,2/2,1/2,0,0,1,1,2,0,2,0,0,5,1,3,03.04.2021,CSKA,Anadolu Efes,FALSE
ANTONOV SEMEN,4:05,0,0/1,0/1,0,0,0,0,0,0,0,0,0,1,0,-3,03.04.2021,CSKA,Anadolu Efes,FALSE
STRELNIEKS JANIS,12:30,5,1/1,1/3,0,0,1,1,1,0,0,0,0,2,1,4,03.04.2021,CSKA,Anadolu Efes,FALSE
VOIGTMANN JOHANNES,19:24,10,2/2,2/5,0,1,2,3,3,1,2,0,0,2,1,11,03.04.2021,CSKA,Anadolu Efes,FALSE
CLYBURN WILL,20:53,4,2/3,0/3,0,3,3,6,1,1,2,0,0,4,2,4,03.04.2021,CSKA,Anadolu Efes,FALSE
SHENGELIA TORNIKE,24:16,14,5/9,1/4,1/4,2,3,5,3,2,5,0,1,1,3,10,03.04.2021,CSKA,Anadolu Efes,FALSE
KURBANOV NIKITA,17:36,3,1/1,0/1,1/2,2,1,3,0,0,0,0,0,3,1,2,03.04.2021,CSKA,Anadolu Efes,FALSE
ERIC MICHAEL,7:09,0,0/1,0,0,0,0,0,0,0,0,0,1,0,0,-2,03.04.2021,CSKA,Anadolu Efes,FALSE
BOLOMBOY JOEL,21:25,6,3/6,0/1,0,2,2,4,0,1,3,0,2,1,1,2,10.01.2020,CSKA,Barcelona,FALSE
JAMES MIKE,28:35,13,2/3,1/5,6/9,0,1,1,4,0,6,0,1,2,6,7,10.01.2020,CSKA,Barcelona,FALSE
HILLIARD DARRUN,23:06,8,1/4,2/4,0,0,2,2,3,1,0,0,0,5,0,4,10.01.2020,CSKA,Barcelona,FALSE
UKHOV IVAN,6:27,3,0/1,1/3,0,0,1,1,0,0,1,0,1,0,1,0,10.01.2020,CSKA,Barcelona,FALSE
HACKETT DANIEL,27:15,11,1/5,3/4,0,0,2,2,2,1,2,0,0,2,3,10,10.01.2020,CSKA,Barcelona,FALSE
VOIGTMANN JOHANNES,14:57,2,1/2,0/3,0,1,3,4,2,0,0,0,0,3,1,2,10.01.2020,CSKA,Barcelona,FALSE
CLYBURN WILL,30:23,8,3/6,0/3,2/5,2,2,4,1,1,0,0,0,2,6,9,10.01.2020,CSKA,Barcelona,FALSE
SHENGELIA TORNIKE,32:33,15,4/6,1/4,4/4,3,2,5,3,0,0,1,0,3,4,20,10.01.2020,CSKA,Barcelona,FALSE
KURBANOV NIKITA,15:19,0,0,0,0,0,2,2,1,0,1,0,0,1,0,1,10.01.2020,CSKA,Barcelona,FALSE
BOLOMBOY JOEL,28:01,5,1/3,1/2,0,2,5,7,0,2,1,1,0,3,0,8,10.08.2020,CSKA,Maccabi,TRUE
JAMES MIKE,30:03,25,2/4,4/6,9/10,0,2,2,3,0,2,0,0,2,7,28,10.08.2020,CSKA,Maccabi,TRUE
HILLIARD DARRUN,24:07,7,2/5,1/4,0,2,3,5,0,0,1,0,0,0,2,7,10.08.2020,CSKA,Maccabi,TRUE
UKHOV IVAN,3:44,0,0,0,0,0,0,0,0,0,0,0,0,1,0,-1,10.08.2020,CSKA,Maccabi,TRUE
HACKETT DANIEL,25:55,4,1/2,0/1,2/2,0,4,4,2,2,3,0,0,2,1,6,10.08.2020,CSKA,Maccabi,TRUE
VOIGTMANN JOHANNES,13:30,3,0/2,1/4,0,1,2,3,0,0,1,0,1,2,1,-2,10.08.2020,CSKA,Maccabi,TRUE
CLYBURN WILL,23:11,19,2/5,2/4,9/9,0,0,0,0,1,1,2,0,2,6,20,10.08.2020,CSKA,Maccabi,TRUE
SHENGELIA TORNIKE,31:04,8,3/8,0/3,2/3,3,9,12,3,0,2,0,1,4,7,14,10.08.2020,CSKA,Maccabi,TRUE
KURBANOV NIKITA,20:25,5,1/1,1/2,0,1,3,4,2,0,1,1,0,3,0,7,10.08.2020,CSKA,Maccabi,TRUE
BOLOMBOY JOEL,23:19,8,4/5,0/1,0,2,2,4,1,1,0,0,0,3,1,10,10.14.2020,CSKA,Fenerbahce,FALSE
KHOMENKO ALEXANDER,0:54,0,0,0,0,0,0,0,0,0,1,0,0,0,0,-1,10.14.2020,CSKA,Fenerbahce,FALSE
JAMES MIKE,40:53,14,2/6,2/7,4/5,1,4,5,6,0,4,0,1,1,4,13,10.14.2020,CSKA,Fenerbahce,FALSE
HILLIARD DARRUN,14:45,3,0/1,1/4,0/1,0,1,1,0,1,3,0,0,1,1,-3,10.14.2020,CSKA,Fenerbahce,FALSE
UKHOV IVAN,9:32,0,0,0/1,0,0,1,1,1,0,0,0,0,0,0,1,10.14.2020,CSKA,Fenerbahce,FALSE
HACKETT DANIEL,25:01,5,0/1,1/2,2/2,0,2,2,5,1,1,0,0,4,2,8,10.14.2020,CSKA,Fenerbahce,FALSE
VOIGTMANN JOHANNES,19:33,8,1/3,2/2,0,1,4,5,1,2,2,1,0,2,1,12,10.14.2020,CSKA,Fenerbahce,FALSE
CLYBURN WILL,29:56,26,5/10,4/7,4/6,0,6,6,2,2,2,0,0,4,7,27,10.14.2020,CSKA,Fenerbahce,FALSE
SHENGELIA TORNIKE,26:03,8,2/5,0/4,4/6,3,5,8,1,2,2,0,0,3,3,8,10.14.2020,CSKA,Fenerbahce,FALSE
KURBANOV NIKITA,35:04,6,0/1,2/3,0,2,3,5,1,2,2,0,0,2,1,9,10.14.2020,CSKA,Fenerbahce,FALSE
BOLOMBOY JOEL,27:38,5,0,1/2,2/2,3,2,5,1,0,0,4,0,3,2,13,10.16.2020,CSKA,Alba,TRUE
JAMES MIKE,32:56,27,7/10,4/8,1/1,0,3,3,6,1,5,0,1,3,2,23,10.16.2020,CSKA,Alba,TRUE
HILLIARD DARRUN,19:45,8,2/3,0/1,4/4,0,1,1,2,0,2,0,0,2,3,8,10.16.2020,CSKA,Alba,TRUE
UKHOV IVAN,5:12,0,0,0/1,0,0,0,0,0,0,0,0,0,2,0,-3,10.16.2020,CSKA,Alba,TRUE
HACKETT DANIEL,19:19,3,0/2,1/3,0,0,1,1,1,2,2,0,1,4,2,-2,10.16.2020,CSKA,Alba,TRUE
VOIGTMANN JOHANNES,11:47,2,0/1,0,2/2,1,3,4,0,0,0,0,0,0,1,6,10.16.2020,CSKA,Alba,TRUE
CLYBURN WILL,30:06,25,5/8,4/6,3/4,2,2,4,1,1,3,0,1,4,3,20,10.16.2020,CSKA,Alba,TRUE
SHENGELIA TORNIKE,28:02,9,2/4,1/2,2/2,3,4,7,2,1,3,1,0,2,3,15,10.16.2020,CSKA,Alba,TRUE
MILUTINOV NIKOLA,7:27,4,0,0,4/6,0,1,1,0,0,0,0,0,0,4,7,10.16.2020,CSKA,Alba,TRUE
KURBANOV NIKITA,17:48,5,0/1,1/1,2/4,1,2,3,0,0,3,0,1,1,2,2,10.16.2020,CSKA,Alba,TRUE
KHOMENKO ALEXANDER,0:09,0,0,0,0,0,0,0,0,0,0,0,0,0,0,0,10.22.2020,CSKA,Crvena Zvezda,FALSE
JAMES MIKE,33:20,9,2/5,0/4,5/6,0,1,1,8,2,3,0,1,3,5,10,10.22.2020,CSKA,Crvena Zvezda,FALSE
HILLIARD DARRUN,13:50,2,1/2,0/2,0,0,1,1,0,0,2,1,0,4,2,-3,10.22.2020,CSKA,Crvena Zvezda,FALSE
UKHOV IVAN,6:49,2,1/2,0,0,0,0,0,0,0,0,0,0,1,0,0,10.22.2020,CSKA,Crvena Zvezda,FALSE
HACKETT DANIEL,35:52,29,3/4,6/8,5/5,2,3,5,3,2,1,0,0,0,4,39,10.22.2020,CSKA,Crvena Zvezda,FALSE
ANTONOV SEMEN,0:29,0,0,0,0,0,1,1,0,0,0,0,0,0,0,1,10.22.2020,CSKA,Crvena Zvezda,FALSE
VOIGTMANN JOHANNES,33:19,9,3/5,0/1,3/3,0,5,5,1,0,2,2,0,2,3,13,10.22.2020,CSKA,Crvena Zvezda,FALSE
CLYBURN WILL,36:17,18,5/10,1/5,5/6,2,2,4,1,0,2,0,0,2,4,13,10.22.2020,CSKA,Crvena Zvezda,FALSE
SHENGELIA TORNIKE,21:02,8,1/1,1/2,3/6,1,3,4,3,1,2,0,0,5,6,11,10.22.2020,CSKA,Crvena Zvezda,FALSE
MILUTINOV NIKOLA,9:24,2,1/1,0,0,1,2,3,0,0,0,0,0,2,0,3,10.22.2020,CSKA,Crvena Zvezda,FALSE
KURBANOV NIKITA,34:29,5,0/2,1/3,2/2,1,1,2,0,0,1,2,1,0,2,5,10.22.2020,CSKA,Crvena Zvezda,FALSE
JAMES MIKE,27:39,17,5/5,2/7,1/2,0,2,2,5,1,1,0,0,2,3,19,10.29.2020,CSKA,Valencia,TRUE
HILLIARD DARRUN,21:10,12,3/5,2/4,0,0,0,0,0,1,1,0,1,1,0,6,10.29.2020,CSKA,Valencia,TRUE
HACKETT DANIEL,21:09,9,0/1,3/6,0,0,1,1,2,0,0,0,0,4,2,6,10.29.2020,CSKA,Valencia,TRUE
ANTONOV SEMEN,11:59,3,0,1/1,0,0,0,0,0,1,0,0,0,0,0,4,10.29.2020,CSKA,Valencia,TRUE
STRELNIEKS JANIS,10:02,2,1/3,0/1,0,0,0,0,2,0,0,0,0,2,0,-1,10.29.2020,CSKA,Valencia,TRUE
VOIGTMANN JOHANNES,19:31,11,2/4,2/3,1/1,3,4,7,1,0,0,0,1,2,1,14,10.29.2020,CSKA,Valencia,TRUE
CLYBURN WILL,24:58,15,2/5,2/7,5/6,1,4,5,2,1,2,0,0,2,5,15,10.29.2020,CSKA,Valencia,TRUE
SHENGELIA TORNIKE,23:22,10,4/9,0/1,2/4,3,3,6,2,0,1,0,0,1,3,11,10.29.2020,CSKA,Valencia,TRUE
MILUTINOV NIKOLA,25:08,3,1/3,0,1/2,5,3,8,3,1,1,2,0,2,3,14,10.29.2020,CSKA,Valencia,TRUE
KURBANOV NIKITA,15:02,2,0/1,0/2,2/4,0,1,1,0,1,0,0,0,2,3,0,10.29.2020,CSKA,Valencia,TRUE
BOLOMBOY JOEL,21:56,6,3/3,0/1,0,2,2,4,1,0,2,0,0,2,0,6,11.06.2020,CSKA,Panathinaikos,FALSE
JAMES MIKE,22:53,10,1/4,2/6,2/4,0,2,2,5,0,2,0,2,2,4,6,11.06.2020,CSKA,Panathinaikos,FALSE
HILLIARD DARRUN,17:20,14,0/2,4/6,2/2,0,0,0,2,1,0,1,0,2,2,14,11.06.2020,CSKA,Panathinaikos,FALSE
HACKETT DANIEL,21:58,13,1/3,2/5,5/6,0,0,0,4,2,0,0,0,4,5,14,11.06.2020,CSKA,Panathinaikos,FALSE
STRELNIEKS JANIS,17:23,9,1/2,2/4,1/1,0,0,0,2,0,0,0,0,1,0,7,11.06.2020,CSKA,Panathinaikos,FALSE
VOIGTMANN JOHANNES,25:12,5,1/3,1/2,0,1,5,6,2,1,0,1,0,0,0,12,11.06.2020,CSKA,Panathinaikos,FALSE
CLYBURN WILL,27:15,15,4/6,0/2,7/7,1,6,7,0,0,2,0,0,2,6,20,11.06.2020,CSKA,Panathinaikos,FALSE
SHENGELIA TORNIKE,15:48,6,2/4,0/2,2/4,3,1,4,3,0,1,0,0,4,3,5,11.06.2020,CSKA,Panathinaikos,FALSE
MILUTINOV NIKOLA,14:53,6,2/3,0,2/4,4,2,6,0,0,0,1,0,0,3,13,11.06.2020,CSKA,Panathinaikos,FALSE
KURBANOV NIKITA,15:22,5,1/2,1/2,0,1,1,2,0,1,0,0,0,2,1,5,11.06.2020,CSKA,Panathinaikos,FALSE
BOLOMBOY JOEL,16:08,6,3/4,0,0,2,3,5,0,1,0,0,0,3,1,9,11.17.2020,CSKA,Zalgiris,FALSE
JAMES MIKE,26:04,27,3/5,5/6,6/6,0,1,1,5,0,3,0,0,1,6,32,11.17.2020,CSKA,Zalgiris,FALSE
HILLIARD DARRUN,23:41,12,2/4,2/6,2/2,0,1,1,2,0,1,0,1,3,4,8,11.17.2020,CSKA,Zalgiris,FALSE
UKHOV IVAN,13:11,3,0,1/6,0,0,0,0,1,0,0,0,0,3,3,-1,11.17.2020,CSKA,Zalgiris,FALSE
HACKETT DANIEL,16:53,4,1/2,0/1,2/2,1,2,3,1,0,2,1,0,4,2,3,11.17.2020,CSKA,Zalgiris,FALSE
ANTONOV SEMEN,10:43,5,1/1,1/2,0,0,0,0,0,0,0,0,0,2,0,2,11.17.2020,CSKA,Zalgiris,FALSE
CLYBURN WILL,26:45,13,3/5,2/4,1/2,0,4,4,2,1,1,0,0,1,2,15,11.17.2020,CSKA,Zalgiris,FALSE
SHENGELIA TORNIKE,25:24,7,2/9,1/1,0/2,0,1,1,4,3,1,0,0,3,1,3,11.17.2020,CSKA,Zalgiris,FALSE
MILUTINOV NIKOLA,23:52,8,3/3,0,2/3,3,4,7,0,2,1,0,0,2,4,17,11.17.2020,CSKA,Zalgiris,FALSE
KURBANOV NIKITA,17:19,2,1/1,0/1,0,2,0,2,0,0,0,1,0,2,1,3,11.17.2020,CSKA,Zalgiris,FALSE
BOLOMBOY JOEL,13:50,1,0/2,0,1/2,4,2,6,0,0,1,0,0,0,3,6,11.19.2020,CSKA,Bayern,FALSE
JAMES MIKE,28:25,25,5/8,2/8,9/11,0,2,2,2,3,4,0,0,1,5,21,11.19.2020,CSKA,Bayern,FALSE
HILLIARD DARRUN,26:00,14,2/5,2/4,4/6,0,3,3,4,0,0,0,0,4,2,12,11.19.2020,CSKA,Bayern,FALSE
HACKETT DANIEL,19:38,3,1/2,0/2,1/2,0,0,0,0,1,0,0,1,3,3,-1,11.19.2020,CSKA,Bayern,FALSE
ANTONOV SEMEN,18:06,2,0,0/2,2/2,1,0,1,1,0,1,0,0,1,1,1,11.19.2020,CSKA,Bayern,FALSE
CLYBURN WILL,26:49,13,1/4,1/5,8/8,1,4,5,2,0,1,0,0,2,8,18,11.19.2020,CSKA,Bayern,FALSE
SHENGELIA TORNIKE,19:13,6,1/3,0/2,4/5,0,3,3,1,1,2,0,0,4,3,3,11.19.2020,CSKA,Bayern,FALSE
LOPATIN ANDREI,3:04,0,0,0,0,1,1,2,0,0,0,0,0,0,0,2,11.19.2020,CSKA,Bayern,FALSE
UMRIKHIN YURY,0:04,0,0,0,0,0,0,0,0,0,0,0,0,0,0,0,11.19.2020,CSKA,Bayern,FALSE
MILUTINOV NIKOLA,25:14,18,8/8,0/1,2/3,6,6,12,1,1,3,0,0,3,5,29,11.19.2020,CSKA,Bayern,FALSE
KURBANOV NIKITA,19:37,7,1/2,1/2,2/2,1,0,1,0,0,0,0,0,0,1,7,11.19.2020,CSKA,Bayern,FALSE
BOLOMBOY JOEL,10:23,0,0/1,0,0,1,1,2,0,0,0,0,0,0,1,2,11.26.2020,CSKA,Real Madrid,TRUE
JAMES MIKE,28:11,28,6/9,5/10,1/1,1,1,2,1,0,2,0,0,1,4,24,11.26.2020,CSKA,Real Madrid,TRUE
HILLIARD DARRUN,19:46,5,1/5,0,3/3,0,1,1,1,0,1,0,1,1,1,1,11.26.2020,CSKA,Real Madrid,TRUE
UKHOV IVAN,8:41,0,0/1,0/1,0,1,1,2,0,0,0,0,1,2,0,-3,11.26.2020,CSKA,Real Madrid,TRUE
HACKETT DANIEL,23:02,2,1/2,0/2,0,1,1,2,0,0,2,0,0,4,3,-2,11.26.2020,CSKA,Real Madrid,TRUE
VOIGTMANN JOHANNES,13:52,5,1/1,1/2,0,2,2,4,0,0,3,0,0,0,0,5,11.26.2020,CSKA,Real Madrid,TRUE
CLYBURN WILL,31:00,11,1/6,2/6,3/4,1,8,9,2,0,0,1,1,0,3,15,11.26.2020,CSKA,Real Madrid,TRUE
SHENGELIA TORNIKE,27:31,15,5/8,1/5,2/2,1,6,7,0,0,0,0,1,2,3,15,11.26.2020,CSKA,Real Madrid,TRUE
MILUTINOV NIKOLA,24:02,8,4/6,0,0,4,5,9,0,0,0,0,2,1,1,13,11.26.2020,CSKA,Real Madrid,TRUE
KURBANOV NIKITA,13:32,0,0/1,0,0,0,1,1,0,0,0,0,0,4,2,-2,11.26.2020,CSKA,Real Madrid,TRUE
BOLOMBOY JOEL,15:34,8,2/5,0,4/4,3,2,5,2,1,2,1,1,1,3,13,12.03.2020,CSKA,Olympiacos,TRUE
KHOMENKO ALEXANDER,2:10,0,0/1,0,0,0,0,0,0,0,0,0,0,0,0,-1,12.03.2020,CSKA,Olympiacos,TRUE
JAMES MIKE,26:14,16,3/9,2/5,4/5,2,5,7,7,4,3,0,2,3,4,20,12.03.2020,CSKA,Olympiacos,TRUE
HILLIARD DARRUN,17:46,7,2/2,1/6,0,1,1,2,0,2,2,0,0,2,0,2,12.03.2020,CSKA,Olympiacos,TRUE
UKHOV IVAN,7:54,6,1/2,1/1,1/2,0,0,0,0,1,1,0,0,2,1,3,12.03.2020,CSKA,Olympiacos,TRUE
HACKETT DANIEL,21:38,8,0/2,2/3,2/2,1,1,2,2,0,1,0,0,2,3,9,12.03.2020,CSKA,Olympiacos,TRUE
ANTONOV SEMEN,5:12,5,1/1,1/1,0,0,0,0,1,0,0,0,0,0,0,6,12.03.2020,CSKA,Olympiacos,TRUE
VOIGTMANN JOHANNES,19:06,6,1/1,1/4,1/2,1,3,4,2,1,0,0,0,1,2,10,12.03.2020,CSKA,Olympiacos,TRUE
CLYBURN WILL,20:07,2,0/1,0/2,2/2,1,2,3,0,1,3,0,0,2,4,2,12.03.2020,CSKA,Olympiacos,TRUE
SHENGELIA TORNIKE,15:58,10,2/6,2/3,0,0,0,0,1,0,1,0,0,1,1,5,12.03.2020,CSKA,Olympiacos,TRUE
MILUTINOV NIKOLA,24:26,4,2/3,0,0,2,6,8,1,0,0,1,0,1,2,14,12.03.2020,CSKA,Olympiacos,TRUE
KURBANOV NIKITA,23:55,8,2/3,1/3,1/2,0,4,4,1,1,0,0,0,1,1,10,12.03.2020,CSKA,Olympiacos,TRUE
BOLOMBOY JOEL,11:12,10,5/6,0,0,3,0,3,0,0,0,0,1,1,0,10,12.11.2020,CSKA,Khimki,FALSE
KHOMENKO ALEXANDER,7:37,4,1/2,0,2/2,1,0,1,0,0,1,0,1,1,2,3,12.11.2020,CSKA,Khimki,FALSE
JAMES MIKE,32:40,36,4/7,6/7,10/12,1,8,9,10,1,3,0,1,3,8,51,12.11.2020,CSKA,Khimki,FALSE
HILLIARD DARRUN,32:07,15,3/7,2/7,3/3,1,4,5,2,1,2,0,1,3,2,10,12.11.2020,CSKA,Khimki,FALSE
UKHOV IVAN,7:36,0,0,0/2,0,0,1,1,0,0,0,0,0,3,0,-4,12.11.2020,CSKA,Khimki,FALSE
ANTONOV SEMEN,0:07,0,0,0,0,0,0,0,0,0,0,0,0,0,0,0,12.11.2020,CSKA,Khimki,FALSE
VOIGTMANN JOHANNES,19:23,4,2/3,0,0/1,1,2,3,1,2,2,0,0,0,1,7,12.11.2020,CSKA,Khimki,FALSE
CLYBURN WILL,25:37,9,1/6,1/5,4/6,0,3,3,0,0,4,0,2,5,5,-5,12.11.2020,CSKA,Khimki,FALSE
SHENGELIA TORNIKE,19:16,5,2/6,0/1,1/1,2,2,4,0,2,2,0,0,4,4,4,12.11.2020,CSKA,Khimki,FALSE
MILUTINOV NIKOLA,28:41,11,4/7,0,3/5,6,5,11,4,2,0,1,1,2,3,24,12.11.2020,CSKA,Khimki,FALSE
KURBANOV NIKITA,15:44,2,1/1,0/1,0,0,0,0,0,1,0,1,0,0,0,3,12.11.2020,CSKA,Khimki,FALSE
KHOMENKO ALEXANDER,9:01,4,2/2,0,0,0,0,0,0,0,0,0,0,2,1,3,12.15.2020,CSKA,Anadolu Efes,TRUE
JAMES MIKE,26:28,11,2/4,1/6,4/6,1,4,5,10,0,1,0,1,0,4,19,12.15.2020,CSKA,Anadolu Efes,TRUE
HILLIARD DARRUN,23:24,16,5/7,2/4,0,1,4,5,1,2,2,0,0,1,2,19,12.15.2020,CSKA,Anadolu Efes,TRUE
UKHOV IVAN,12:34,8,1/2,2/2,0,1,1,2,1,1,1,0,0,3,0,7,12.15.2020,CSKA,Anadolu Efes,TRUE
ANTONOV SEMEN,15:18,7,2/2,1/2,0,2,0,2,1,0,0,0,0,4,0,5,12.15.2020,CSKA,Anadolu Efes,TRUE
STRELNIEKS JANIS,14:38,5,1/1,1/3,0,0,0,0,1,1,0,0,0,0,0,5,12.15.2020,CSKA,Anadolu Efes,TRUE
VOIGTMANN JOHANNES,16:19,7,2/4,1/1,0,2,8,10,5,1,1,0,0,1,1,20,12.15.2020,CSKA,Anadolu Efes,TRUE
CLYBURN WILL,22:17,22,4/6,3/5,5/5,0,1,1,1,1,2,0,0,0,6,25,12.15.2020,CSKA,Anadolu Efes,TRUE
SHENGELIA TORNIKE,17:10,8,1/3,2/5,0,1,1,2,2,0,1,0,1,5,0,0,12.15.2020,CSKA,Anadolu Efes,TRUE
LOPATIN ANDREI,3:44,0,0,0/1,0,0,0,0,0,0,2,0,0,0,0,-3,12.15.2020,CSKA,Anadolu Efes,TRUE
MILUTINOV NIKOLA,23:56,12,6/6,0,0/1,3,7,10,0,0,0,1,0,2,1,21,12.15.2020,CSKA,Anadolu Efes,TRUE
KURBANOV NIKITA,15:11,0,0,0/2,0,1,1,2,1,0,1,0,1,2,1,-2,12.15.2020,CSKA,Anadolu Efes,TRUE
KHOMENKO ALEXANDER,0:49,0,0,0,0,0,0,0,0,0,0,0,0,1,0,-1,12.18.2020,CSKA,Zenit,TRUE
JAMES MIKE,31:42,20,6/10,2/4,2/2,1,5,6,7,4,3,0,0,2,6,32,12.18.2020,CSKA,Zenit,TRUE
HILLIARD DARRUN,26:18,13,4/9,1/6,2/2,0,2,2,0,1,0,0,1,0,3,8,12.18.2020,CSKA,Zenit,TRUE
UKHOV IVAN,0:05,0,0,0,0,0,0,0,0,0,0,0,0,0,0,0,12.18.2020,CSKA,Zenit,TRUE
ANTONOV SEMEN,6:19,0,0/1,0,0,0,0,0,0,0,1,1,0,3,0,-4,12.18.2020,CSKA,Zenit,TRUE
STRELNIEKS JANIS,9:18,3,0,1/2,0,0,0,0,1,0,0,0,0,3,0,0,12.18.2020,CSKA,Zenit,TRUE
VOIGTMANN JOHANNES,17:47,6,0,2/2,0,1,5,6,0,0,2,0,0,0,1,11,12.18.2020,CSKA,Zenit,TRUE
CLYBURN WILL,24:16,11,0/3,3/7,2/2,0,1,1,2,0,1,0,0,1,1,6,12.18.2020,CSKA,Zenit,TRUE
SHENGELIA TORNIKE,28:56,10,2/5,1/1,3/4,0,1,1,2,1,1,0,0,1,5,13,12.18.2020,CSKA,Zenit,TRUE
MILUTINOV NIKOLA,27:03,13,6/8,0,1/2,7,6,13,0,0,1,0,0,1,3,24,12.18.2020,CSKA,Zenit,TRUE
KURBANOV NIKITA,27:27,7,2/2,1/2,0,0,3,3,0,0,0,1,0,2,0,8,12.18.2020,CSKA,Zenit,TRUE
KHOMENKO ALEXANDER,0:52,0,0,0,0,0,0,0,0,0,0,0,0,0,0,0,12.22.2020,CSKA,Asvel,FALSE
JAMES MIKE,36:11,31,7/12,3/11,8/8,1,2,3,6,2,4,0,2,3,4,24,12.22.2020,CSKA,Asvel,FALSE
HILLIARD DARRUN,22:25,11,2/3,1/5,4/4,0,2,2,0,2,1,1,0,2,2,10,12.22.2020,CSKA,Asvel,FALSE
UKHOV IVAN,10:37,0,0,0,0,0,0,0,1,0,0,0,0,4,1,-2,12.22.2020,CSKA,Asvel,FALSE
ANTONOV SEMEN,7:18,0,0,0,0,2,1,3,1,0,0,0,0,2,1,3,12.22.2020,CSKA,Asvel,FALSE
VOIGTMANN JOHANNES,17:38,5,1/2,1/1,0,3,1,4,0,0,4,0,0,2,1,3,12.22.2020,CSKA,Asvel,FALSE
CLYBURN WILL,16:32,7,2/5,1/1,0/2,0,1,1,1,0,1,0,1,1,2,3,12.22.2020,CSKA,Asvel,FALSE
SHENGELIA TORNIKE,29:23,13,4/7,1/1,2/6,2,1,3,4,2,2,0,0,1,7,19,12.22.2020,CSKA,Asvel,FALSE
MILUTINOV NIKOLA,28:19,17,7/10,0,3/4,5,9,14,0,1,0,0,0,0,2,30,12.22.2020,CSKA,Asvel,FALSE
KURBANOV NIKITA,30:45,3,0,1/1,0,1,1,2,4,2,0,1,0,2,1,11,12.22.2020,CSKA,Asvel,FALSE
BOLOMBOY JOEL,9:00,0,0,0/1,0/2,0,1,1,0,1,0,0,0,1,1,-1,11.12.2020,CSKA,Baskonia,TRUE
KHOMENKO ALEXANDER,9:36,7,1/1,1/2,2/3,0,0,0,0,0,2,0,0,2,4,5,11.12.2020,CSKA,Baskonia,TRUE
HILLIARD DARRUN,34:25,31,5/6,7/10,0,0,1,1,2,1,0,0,0,1,2,32,11.12.2020,CSKA,Baskonia,TRUE
HACKETT DANIEL,27:33,16,4/7,2/3,2/2,0,3,3,3,1,3,0,0,4,2,14,11.12.2020,CSKA,Baskonia,TRUE
ANTONOV SEMEN,4:14,0,0,0/1,0,0,0,0,0,0,0,0,0,3,0,-4,11.12.2020,CSKA,Baskonia,TRUE
VOIGTMANN JOHANNES,14:59,2,1/1,0/1,0,0,3,3,1,0,1,0,0,1,0,3,11.12.2020,CSKA,Baskonia,TRUE
CLYBURN WILL,23:58,12,3/5,1/3,3/5,0,0,0,2,1,2,0,1,3,3,6,11.12.2020,CSKA,Baskonia,TRUE
SHENGELIA TORNIKE,27:11,12,4/5,1/3,1/4,2,5,7,4,1,4,0,0,4,5,15,11.12.2020,CSKA,Baskonia,TRUE
MILUTINOV NIKOLA,28:49,7,2/5,0,3/6,1,1,2,1,0,1,0,0,3,6,6,11.12.2020,CSKA,Baskonia,TRUE
KURBANOV NIKITA,20:15,2,0,0,2/2,1,0,1,0,2,0,0,0,2,3,6,11.12.2020,CSKA,Baskonia,TRUE
TOURKCAN MIRSAD,40:00,20,7/10,1/3,3/4,3,12,15,0,0,2,3,0,3,4,31,02.28.2002,CSKA,Maccabi Elite,FALSE
TOURKCAN MIRSAD,33:26,17,6/9,1/3,2/2,2,7,9,0,0,3,2,0,4,6,22,03.06.2002,CSKA,Ulker,TRUE
TOURKCAN MIRSAD,34:41,13,4/8,1/2,2/5,5,7,12,1,0,3,0,1,3,5,16,03.20.2002,CSKA,Tau Ceramica,FALSE
TOURKCAN MIRSAD,36:59,18,3/8,2/3,6/8,4,6,10,4,1,5,1,0,4,7,24,03.28.2002,CSKA,Maccabi Elite,TRUE
TOURKCAN MIRSAD,30:53,7,1/5,1/6,2/2,2,5,7,3,1,5,1,0,3,1,3,04.03.2002,CSKA,Tau Ceramica,TRUE
TOURKCAN MIRSAD,38:16,22,6/8,0/1,10/16,2,9,11,3,4,7,2,0,3,11,34,04.18.2002,CSKA,Ulker,FALSE
TOURKCAN MIRSAD,27:23,10,3/7,0/4,4/4,6,5,11,2,2,3,0,0,5,6,15,10.11.2001,CSKA,Pau-Orthez,FALSE
TOURKCAN MIRSAD,40:00,17,6/8,0/1,5/7,2,9,11,1,2,2,2,0,2,7,31,10.18.2001,CSKA,Panathinaikos Athens,TRUE
TOURKCAN MIRSAD,36:05,23,8/14,0,7/9,3,11,14,4,0,3,2,1,3,8,36,10.25.2001,CSKA,Buducnost,FALSE
TOURKCAN MIRSAD,32:49,18,8/11,0/2,2/6,2,12,14,1,1,0,0,1,4,6,26,11.01.2001,CSKA,KRKA Novo Mesto,TRUE
TOURKCAN MIRSAD,35:29,25,7/10,1/2,8/14,7,8,15,2,3,8,1,0,2,10,36,11.08.2001,CSKA,Zadar,FALSE
TOURKCAN MIRSAD,30:50,14,2/7,2/4,4/4,3,8,11,2,2,4,1,0,3,4,20,11.15.2001,CSKA,Real Madrid,TRUE
TOURKCAN MIRSAD,35:19,27,7/15,2/3,7/8,10,13,23,3,0,4,0,1,3,8,43,01.10.2002,CSKA,Buducnost,TRUE
TOURKCAN MIRSAD,30:19,17,7/11,0,3/4,3,4,7,3,2,5,1,2,3,4,19,01.16.2002,CSKA,KRKA Novo Mesto,FALSE
TOURKCAN MIRSAD,38:32,19,8/14,0/1,3/3,8,10,18,4,1,4,2,0,4,5,34,01.31.2002,CSKA,Zadar,TRUE
TOURKCAN MIRSAD,38:47,24,9/17,1/2,3/5,6,8,14,1,1,2,1,1,4,4,27,02.07.2002,CSKA,Real Madrid,FALSE
TOURKCAN MIRSAD,37:14,9,2/6,1/2,2/2,3,12,15,1,1,2,2,1,2,4,22,02.14.2002,CSKA,Skipper Bologna,TRUE
BROWN MARCUS,38:00,19,5/10,2/7,3/4,3,1,4,2,0,2,0,0,4,7,15,11.05.2003,CSKA,Montepaschi Siena,TRUE
BROWN MARCUS,36:15,21,5/6,1/6,8/10,0,2,2,4,5,4,0,0,3,8,25,11.13.2003,CSKA,Unicaja,FALSE
BROWN MARCUS,23:15,15,6/6,1/3,0,0,2,2,5,1,2,1,0,1,1,20,11.19.2003,CSKA,KRKA Novo Mesto,TRUE
BROWN MARCUS,33:00,16,4/7,2/3,2/2,0,1,1,5,0,3,0,0,1,5,19,11.26.2003,CSKA,Panathinaikos,FALSE
BROWN MARCUS,33:00,18,1/3,3/7,7/7,0,1,1,3,0,2,1,0,3,7,19,12.03.2003,CSKA,Skipper Fortitudo Bologna,TRUE
BROWN MARCUS,37:15,24,4/7,2/6,10/10,1,2,3,3,3,2,0,0,2,13,35,12.11.2003,CSKA,Maccabi Elite Tel Aviv,FALSE
BROWN MARCUS,36:45,21,4/7,2/5,7/7,1,0,1,6,1,1,0,0,4,6,24,12.17.2003,CSKA,Zalgiris,TRUE
BROWN MARCUS,37:00,15,2/10,3/6,2/2,5,1,6,4,2,3,0,0,3,6,16,01.08.2004,CSKA,Montepaschi Siena,FALSE
BROWN MARCUS,37:45,17,6/10,0/2,5/7,1,1,2,3,3,2,0,1,3,6,17,01.14.2004,CSKA,Unicaja,TRUE
BROWN MARCUS,30:45,22,5/7,2/4,6/9,1,3,4,2,1,0,0,0,2,5,25,01.21.2004,CSKA,KRKA Novo Mesto,FALSE
BROWN MARCUS,37:45,21,9/14,0/2,3/3,1,1,2,2,0,4,0,0,4,7,17,01.28.2004,CSKA,Panathinaikos,TRUE
BROWN MARCUS,36:00,10,4/7,0/2,2/2,1,0,1,0,1,1,0,0,2,7,11,02.04.2004,CSKA,Skipper Fortitudo Bologna,FALSE
BROWN MARCUS,35:00,20,6/9,1/5,5/6,0,2,2,4,2,1,0,0,2,6,23,02.12.2004,CSKA,Maccabi Elite Tel Aviv,TRUE
BROWN MARCUS,35:00,18,7/10,1/2,1/1,0,0,0,3,2,1,0,0,2,6,22,02.19.2004,CSKA,Zalgiris,FALSE
BROWN MARCUS,33:15,15,3/6,3/6,0,0,2,2,8,1,2,0,1,2,5,20,03.03.2004,CSKA,Olympiacos,TRUE
BROWN MARCUS,30:00,12,3/7,0/1,6/7,2,2,4,9,3,2,0,1,3,6,22,03.10.2004,CSKA,Cibona VIP,TRUE
BROWN MARCUS,35:45,22,6/12,2/4,4/5,0,0,0,3,1,3,0,2,4,9,17,03.17.2004,CSKA,Tau Ceramica,FALSE
BROWN MARCUS,29:00,22,4/4,3/5,5/6,0,2,2,4,1,2,0,0,2,4,26,03.24.2004,CSKA,Olympiacos,FALSE
BROWN MARCUS,36:00,15,1/4,0/3,13/14,0,1,1,8,1,2,0,1,3,9,21,03.31.2004,CSKA,Tau Ceramica,TRUE
BROWN MARCUS,35:30,23,3/6,5/8,2/3,2,2,4,6,1,4,0,0,4,4,23,04.29.2004,CSKA,Maccabi Elite Tel Aviv,FALSE
BROWN MARCUS,33:00,27,6/10,1/2,12/12,1,3,4,5,0,3,0,0,1,9,36,05.01.2004,CSKA,Montepaschi Siena,FALSE
PAPALOUKAS THEODOROS,24:15,7,1/1,1/1,2/2,0,2,2,2,1,2,0,1,2,3,10,11.02.2005,CSKA,Montepaschi Siena,TRUE
PAPALOUKAS THEODOROS,13:00,2,0,0/2,2/2,0,0,0,4,3,3,0,0,1,2,5,11.16.2005,CSKA,Unicaja,TRUE
PAPALOUKAS THEODOROS,16:45,9,3/6,0,3/4,0,3,3,2,0,1,0,1,3,3,8,11.23.2005,CSKA,Pau-Orthez,FALSE
PAPALOUKAS THEODOROS,20:00,2,1/1,0,0,1,2,3,3,1,2,0,0,2,2,7,11.30.2005,CSKA,Real Madrid,TRUE
PAPALOUKAS THEODOROS,22:30,5,1/2,1/2,0,0,3,3,10,2,1,0,0,1,1,17,12.07.2005,CSKA,Ulker,FALSE
PAPALOUKAS THEODOROS,18:00,15,6/6,0/1,3/6,0,0,0,2,5,1,2,0,2,5,22,12.14.2005,CSKA,Partizan,TRUE
PAPALOUKAS THEODOROS,31:00,14,2/4,2/2,4/4,2,7,9,4,2,3,2,0,1,4,29,12.22.2005,CSKA,Montepaschi Siena,FALSE
PAPALOUKAS THEODOROS,26:15,8,4/5,0/2,0,1,2,3,3,1,2,0,0,2,2,10,01.04.2006,CSKA,Panathinaikos,TRUE
PAPALOUKAS THEODOROS,28:00,8,4/6,0/1,0,2,4,6,3,2,2,0,1,5,1,9,01.11.2006,CSKA,Unicaja,FALSE
PAPALOUKAS THEODOROS,11:45,8,3/3,0/1,2/3,0,1,1,2,1,3,0,0,2,2,7,01.18.2006,CSKA,Pau-Orthez,TRUE
PAPALOUKAS THEODOROS,35:45,9,4/6,0/5,1/2,0,5,5,5,2,4,0,0,3,2,8,01.26.2006,CSKA,Real Madrid,FALSE
PAPALOUKAS THEODOROS,18:00,8,1/4,0/1,6/6,0,0,0,6,1,2,0,0,2,4,11,02.01.2006,CSKA,Ulker,TRUE
PAPALOUKAS THEODOROS,24:45,14,3/4,0/1,8/11,0,3,3,5,1,1,0,1,1,7,22,02.08.2006,CSKA,Partizan,FALSE
PAPALOUKAS THEODOROS,21:15,6,2/2,0/2,2/3,1,1,2,3,1,2,0,0,1,2,8,02.22.2006,CSKA,Lietuvos Rytas,FALSE
PAPALOUKAS THEODOROS,18:45,8,4/7,0/1,0,0,0,0,5,0,4,0,0,2,1,4,03.01.2006,CSKA,Tau Ceramica Vitoria-Gasteiz,TRUE
PAPALOUKAS THEODOROS,22:15,8,1/1,1/5,3/4,1,3,4,3,2,0,0,0,1,2,13,03.09.2006,CSKA,GHP Bamberg,FALSE
PAPALOUKAS THEODOROS,22:15,9,2/5,1/2,2/5,0,7,7,1,3,1,0,0,0,6,18,03.15.2006,CSKA,Lietuvos Rytas,TRUE
PAPALOUKAS THEODOROS,16:00,9,4/6,0/1,1/1,0,0,0,4,2,2,0,0,1,1,10,03.22.2006,CSKA,GHP Bamberg,TRUE
PAPALOUKAS THEODOROS,23:30,4,2/7,0/1,0,0,5,5,3,1,0,0,3,1,2,5,03.29.2006,CSKA,Tau Ceramica Vitoria-Gasteiz,FALSE
PAPALOUKAS THEODOROS,19:15,8,4/6,0/1,0,1,1,2,5,3,1,0,0,2,1,13,04.04.2006,CSKA,Efes Pilsen,TRUE
PAPALOUKAS THEODOROS,27:15,8,4/6,0,0,3,4,7,6,3,2,1,0,3,1,19,04.06.2006,CSKA,Efes Pilsen,FALSE
PAPALOUKAS THEODOROS,28:15,19,7/9,0/1,5/7,2,1,3,2,4,2,0,0,4,6,23,04.28.2006,CSKA,Winterthur FC Barcelona,FALSE
PAPALOUKAS THEODOROS,30:00,18,3/4,2/4,6/8,1,2,3,7,2,2,0,0,1,6,28,04.30.2006,CSKA,Maccabi Elite Tel Aviv,TRUE
PANOV SERGEY,15:00,13,5/6,1/2,0,0,0,0,0,0,1,1,0,2,0,9,11.02.2005,CSKA,Montepaschi Siena,TRUE
PANOV SERGEY,27:15,8,1/4,1/2,3/3,0,3,3,0,2,2,0,0,3,2,6,11.09.2005,CSKA,Panathinaikos,FALSE
PANOV SERGEY,18:00,11,4/4,1/2,0,3,2,5,1,1,1,0,1,5,0,10,11.16.2005,CSKA,Unicaja,TRUE
PANOV SERGEY,10:00,0,0/2,0/1,0,0,1,1,1,0,0,0,0,3,0,-4,11.23.2005,CSKA,Pau-Orthez,FALSE
PANOV SERGEY,13:45,8,1/1,2/3,0,3,0,3,0,2,0,0,0,4,1,9,11.30.2005,CSKA,Real Madrid,TRUE
PANOV SERGEY,12:45,7,2/4,1/2,0,3,1,4,0,0,0,0,1,3,0,4,12.07.2005,CSKA,Ulker,FALSE
PANOV SERGEY,16:30,3,1/1,0/1,1/2,1,4,5,3,2,0,0,0,3,2,10,12.14.2005,CSKA,Partizan,TRUE
PANOV SERGEY,15:00,5,1/2,0/1,3/4,1,2,3,1,1,1,0,1,2,2,5,12.22.2005,CSKA,Montepaschi Siena,FALSE
PANOV SERGEY,20:00,8,0/1,2/3,2/2,1,2,3,0,3,1,0,0,5,1,7,01.04.2006,CSKA,Panathinaikos,TRUE
PANOV SERGEY,13:00,0,0,0/1,0,0,0,0,1,0,1,0,0,1,0,-2,01.11.2006,CSKA,Unicaja,FALSE
PANOV SERGEY,21:45,12,3/4,2/4,0,0,2,2,3,1,0,0,0,2,0,13,01.18.2006,CSKA,Pau-Orthez,TRUE
PANOV SERGEY,14:45,14,2/2,2/2,4/6,0,0,0,1,0,0,0,0,4,2,11,01.26.2006,CSKA,Real Madrid,FALSE
PANOV SERGEY,16:00,5,1/2,1/4,0,0,4,4,1,3,1,0,0,2,2,8,02.01.2006,CSKA,Ulker,TRUE
PANOV SERGEY,6:45,0,0,0/1,0,1,0,1,0,1,1,0,1,1,2,0,02.22.2006,CSKA,Lietuvos Rytas,FALSE
PANOV SERGEY,2:00,0,0,0,0/2,1,1,2,0,0,0,0,0,0,1,1,03.01.2006,CSKA,Tau Ceramica Vitoria-Gasteiz,TRUE
PANOV SERGEY,4:45,0,0/1,0/1,0,0,0,0,0,0,0,0,0,2,0,-4,03.09.2006,CSKA,GHP Bamberg,FALSE
PANOV SERGEY,15:45,3,1/1,0/1,1/2,1,1,2,0,1,1,1,0,3,1,2,03.15.2006,CSKA,Lietuvos Rytas,TRUE
PANOV SERGEY,14:15,8,1/2,2/3,0,0,1,1,1,1,0,0,0,1,1,9,03.22.2006,CSKA,GHP Bamberg,TRUE
PANOV SERGEY,13:15,10,2/3,2/4,0,1,2,3,0,0,1,0,0,2,0,7,03.29.2006,CSKA,Tau Ceramica Vitoria-Gasteiz,FALSE
PANOV SERGEY,12:00,0,0/1,0,0,0,1,1,1,1,0,1,0,3,0,0,04.04.2006,CSKA,Efes Pilsen,TRUE
PANOV SERGEY,20:00,14,2/3,2/5,4/6,1,3,4,3,1,1,0,0,2,5,18,04.06.2006,CSKA,Efes Pilsen,FALSE
PANOV SERGEY,16:30,4,1/2,0/1,2/2,1,3,4,1,2,0,0,0,2,2,9,04.28.2006,CSKA,Winterthur FC Barcelona,FALSE
PANOV SERGEY,8:45,0,0,0/2,0,0,2,2,0,0,0,0,0,2,0,-2,04.30.2006,CSKA,Maccabi Elite Tel Aviv,TRUE
SAVRASENKO ALEKSEY,11:15,5,2/2,0,1/2,1,3,4,1,0,2,0,0,1,2,8,11.02.2005,CSKA,Montepaschi Siena,TRUE
SAVRASENKO ALEKSEY,18:15,10,5/6,0,0/2,1,3,4,0,0,1,1,0,3,2,10,11.09.2005,CSKA,Panathinaikos,FALSE
SAVRASENKO ALEKSEY,15:45,3,1/1,0,1/2,2,4,6,0,1,0,2,0,3,2,10,11.16.2005,CSKA,Unicaja,TRUE
SAVRASENKO ALEKSEY,8:45,2,1/2,0,0,1,0,1,1,0,2,0,0,0,0,1,11.23.2005,CSKA,Pau-Orthez,FALSE
SAVRASENKO ALEKSEY,21:00,6,3/5,0,0,4,1,5,0,2,0,1,0,2,1,11,11.30.2005,CSKA,Real Madrid,TRUE
SAVRASENKO ALEKSEY,18:00,8,3/6,0,2/4,0,2,2,0,0,0,1,0,3,2,5,12.07.2005,CSKA,Ulker,FALSE
SAVRASENKO ALEKSEY,17:15,9,3/5,0,3/3,1,3,4,2,2,2,3,0,1,2,17,12.14.2005,CSKA,Partizan,TRUE
SAVRASENKO ALEKSEY,11:15,5,2/3,0,1/2,0,0,0,0,0,0,1,0,3,1,2,12.22.2005,CSKA,Montepaschi Siena,FALSE
SAVRASENKO ALEKSEY,12:00,3,1/2,0,1/2,1,0,1,2,0,1,0,0,3,1,1,01.04.2006,CSKA,Panathinaikos,TRUE
SAVRASENKO ALEKSEY,10:30,0,0/3,0,0,3,1,4,0,1,0,0,0,3,2,1,01.11.2006,CSKA,Unicaja,FALSE
SAVRASENKO ALEKSEY,20:00,4,2/4,0,0,1,2,3,0,4,2,0,0,1,0,6,01.18.2006,CSKA,Pau-Orthez,TRUE
SAVRASENKO ALEKSEY,8:15,1,0/3,0,1/2,3,1,4,0,0,0,0,2,1,2,0,01.26.2006,CSKA,Real Madrid,FALSE
SAVRASENKO ALEKSEY,31:30,8,4/8,0,0,5,6,11,0,1,1,1,1,1,2,16,02.01.2006,CSKA,Ulker,TRUE
SAVRASENKO ALEKSEY,22:00,9,4/6,0,1/2,1,3,4,1,1,2,0,1,4,1,6,02.08.2006,CSKA,Partizan,FALSE
SAVRASENKO ALEKSEY,20:00,5,2/4,0,1/2,1,4,5,0,0,1,0,1,2,2,5,02.22.2006,CSKA,Lietuvos Rytas,FALSE
SAVRASENKO ALEKSEY,16:45,4,2/2,0,0,2,4,6,0,0,1,1,0,4,1,7,03.01.2006,CSKA,Tau Ceramica Vitoria-Gasteiz,TRUE
SAVRASENKO ALEKSEY,20:45,2,1/3,0,0,3,1,4,1,2,0,1,0,2,0,6,03.09.2006,CSKA,GHP Bamberg,FALSE
SAVRASENKO ALEKSEY,23:45,11,5/6,0,1/2,1,2,3,1,1,0,1,1,3,1,12,03.15.2006,CSKA,Lietuvos Rytas,TRUE
SAVRASENKO ALEKSEY,26:45,7,3/8,0,1/2,2,3,5,5,2,2,4,0,2,6,19,03.22.2006,CSKA,GHP Bamberg,TRUE
SAVRASENKO ALEKSEY,27:15,6,3/8,0,0,3,3,6,1,2,1,2,0,1,1,11,03.29.2006,CSKA,Tau Ceramica Vitoria-Gasteiz,FALSE
SAVRASENKO ALEKSEY,28:00,2,1/2,0,0,2,4,6,4,0,2,1,0,3,0,7,04.04.2006,CSKA,Efes Pilsen,TRUE
SAVRASENKO ALEKSEY,13:15,4,2/3,0,0,1,2,3,1,0,0,0,0,5,1,3,04.06.2006,CSKA,Efes Pilsen,FALSE
SAVRASENKO ALEKSEY,6:30,0,0/1,0,0,1,0,1,0,0,1,0,0,0,0,-1,04.28.2006,CSKA,Winterthur FC Barcelona,FALSE
SAVRASENKO ALEKSEY,24:15,10,5/5,0,0/2,1,3,4,0,1,0,3,0,3,1,14,04.30.2006,CSKA,Maccabi Elite Tel Aviv,TRUE
ANDERSEN DAVID,37:00,12,3/9,0,6/6,1,9,10,1,2,1,0,0,1,6,23,11.02.2005,CSKA,Montepaschi Siena,TRUE
ANDERSEN DAVID,31:30,10,4/14,0,2/2,3,3,6,1,1,1,0,5,4,4,2,11.09.2005,CSKA,Panathinaikos,FALSE
ANDERSEN DAVID,22:15,21,7/8,1/1,4/4,0,7,7,1,1,1,0,0,3,5,30,11.16.2005,CSKA,Unicaja,TRUE
ANDERSEN DAVID,29:15,14,4/11,0,6/6,0,12,12,2,1,3,1,1,2,6,23,11.23.2005,CSKA,Pau-Orthez,FALSE
ANDERSEN DAVID,22:00,13,5/8,0,3/3,3,2,5,1,2,0,0,2,4,4,16,11.30.2005,CSKA,Real Madrid,TRUE
ANDERSEN DAVID,23:45,16,7/10,0,2/3,0,6,6,0,0,1,0,0,1,3,19,12.07.2005,CSKA,Ulker,FALSE
ANDERSEN DAVID,24:00,6,1/3,0,4/5,1,8,9,1,0,0,0,1,3,4,13,12.14.2005,CSKA,Partizan,TRUE
ANDERSEN DAVID,25:30,20,8/16,0/1,4/4,3,5,8,1,1,3,0,0,2,2,18,12.22.2005,CSKA,Montepaschi Siena,FALSE
ANDERSEN DAVID,27:00,18,9/12,0,0,3,5,8,2,0,3,0,4,3,2,17,01.04.2006,CSKA,Panathinaikos,TRUE
ANDERSEN DAVID,32:15,16,6/13,0,4/5,1,9,10,0,1,3,0,1,4,3,14,01.11.2006,CSKA,Unicaja,FALSE
ANDERSEN DAVID,27:45,16,7/13,0,2/2,4,4,8,3,0,0,1,0,2,6,26,01.18.2006,CSKA,Pau-Orthez,TRUE
ANDERSEN DAVID,35:00,15,4/10,0,7/8,1,2,3,0,1,2,0,0,1,5,14,01.26.2006,CSKA,Real Madrid,FALSE
SMODIS MATJAZ,3:00,4,2/2,0,0,0,1,1,0,0,0,0,0,0,1,6,11.02.2005,CSKA,Montepaschi Siena,TRUE
SMODIS MATJAZ,24:00,8,1/3,2/6,0,1,5,6,2,1,4,0,0,4,1,4,11.16.2005,CSKA,Unicaja,TRUE
SMODIS MATJAZ,33:00,17,5/8,1/4,4/5,5,3,8,0,1,3,4,0,1,3,22,11.23.2005,CSKA,Pau-Orthez,FALSE
SMODIS MATJAZ,8:45,3,0,0/2,3/4,0,0,0,2,0,0,0,0,0,2,4,11.30.2005,CSKA,Real Madrid,TRUE
SMODIS MATJAZ,23:15,18,3/4,4/5,0,1,2,3,1,1,2,0,0,2,0,17,12.07.2005,CSKA,Ulker,FALSE
SMODIS MATJAZ,12:45,6,1/1,1/1,1/2,0,0,0,1,1,1,0,1,5,2,2,12.14.2005,CSKA,Partizan,TRUE
SMODIS MATJAZ,28:15,11,4/8,1/3,0/1,2,3,5,0,2,1,0,1,2,4,11,12.22.2005,CSKA,Montepaschi Siena,FALSE
SMODIS MATJAZ,21:00,8,1/2,1/2,3/3,1,4,5,1,2,1,1,0,4,4,14,01.04.2006,CSKA,Panathinaikos,TRUE
SMODIS MATJAZ,32:00,6,3/8,0/2,0,2,2,4,0,1,4,0,0,4,0,-4,01.11.2006,CSKA,Unicaja,FALSE
SMODIS MATJAZ,9:30,12,0,4/7,0,1,1,2,0,1,1,0,1,1,0,9,02.01.2006,CSKA,Ulker,TRUE
SMODIS MATJAZ,30:15,11,1/3,2/3,3/4,2,6,8,1,0,3,0,0,2,4,15,02.08.2006,CSKA,Partizan,FALSE
SMODIS MATJAZ,33:00,8,1/2,2/5,0,0,7,7,0,1,1,0,0,3,2,10,02.22.2006,CSKA,Lietuvos Rytas,FALSE
SMODIS MATJAZ,35:45,21,4/7,3/8,4/5,4,3,7,2,5,3,1,0,3,8,29,03.01.2006,CSKA,Tau Ceramica Vitoria-Gasteiz,TRUE
SMODIS MATJAZ,32:45,23,8/12,1/4,4/5,1,7,8,3,0,2,2,1,0,8,33,03.09.2006,CSKA,GHP Bamberg,FALSE
SMODIS MATJAZ,25:00,16,4/8,1/4,5/7,4,2,6,0,2,1,0,2,4,5,13,03.15.2006,CSKA,Lietuvos Rytas,TRUE
SMODIS MATJAZ,25:45,13,2/5,2/3,3/5,0,3,3,0,2,0,0,0,2,4,14,03.22.2006,CSKA,GHP Bamberg,TRUE
SMODIS MATJAZ,26:45,13,3/6,2/4,1/3,4,4,8,0,0,2,0,1,4,4,11,03.29.2006,CSKA,Tau Ceramica Vitoria-Gasteiz,FALSE
SMODIS MATJAZ,31:00,11,4/7,1/7,0,1,8,9,1,3,2,1,0,0,4,18,04.04.2006,CSKA,Efes Pilsen,TRUE
SMODIS MATJAZ,27:00,13,4/7,1/5,2/2,2,3,5,0,1,0,0,0,3,3,12,04.06.2006,CSKA,Efes Pilsen,FALSE
SMODIS MATJAZ,34:15,17,4/9,0/3,9/12,2,10,12,0,0,1,1,3,2,9,22,04.28.2006,CSKA,Winterthur FC Barcelona,FALSE
SMODIS MATJAZ,34:45,12,1/3,3/6,1/2,2,6,8,1,1,0,0,2,3,3,14,04.30.2006,CSKA,Maccabi Elite Tel Aviv,TRUE
LANGDON TRAJAN,31:00,5,1/2,1/7,0,0,0,0,3,0,1,2,0,4,2,0,11.02.2005,CSKA,Montepaschi Siena,TRUE
LANGDON TRAJAN,27:45,12,1/4,2/8,4/4,0,0,0,1,0,2,0,1,5,3,-1,11.09.2005,CSKA,Panathinaikos,FALSE
LANGDON TRAJAN,34:45,7,2/4,1/5,0,1,0,1,1,2,2,0,0,1,1,3,11.16.2005,CSKA,Unicaja,TRUE
LANGDON TRAJAN,33:00,13,2/2,3/6,0,0,3,3,1,1,1,0,0,2,2,14,11.23.2005,CSKA,Pau-Orthez,FALSE
LANGDON TRAJAN,33:00,11,1/2,3/9,0,1,3,4,1,1,3,0,0,2,3,8,11.30.2005,CSKA,Real Madrid,TRUE
LANGDON TRAJAN,26:45,12,2/5,2/6,2/2,0,3,3,1,2,2,0,0,0,2,11,12.07.2005,CSKA,Ulker,FALSE
LANGDON TRAJAN,22:00,9,0/3,2/4,3/5,0,3,3,1,2,0,0,0,0,2,10,12.14.2005,CSKA,Partizan,TRUE
LANGDON TRAJAN,34:00,20,8/9,1/5,1/1,2,1,3,1,4,1,0,0,4,3,21,12.22.2005,CSKA,Montepaschi Siena,FALSE
LANGDON TRAJAN,31:45,9,1/4,2/6,1/2,2,2,4,3,0,3,0,0,3,1,3,01.04.2006,CSKA,Panathinaikos,TRUE
LANGDON TRAJAN,40:00,14,1/5,4/7,0,0,5,5,2,0,1,0,0,1,2,14,01.11.2006,CSKA,Unicaja,FALSE
LANGDON TRAJAN,23:00,16,2/3,3/3,3/3,1,2,3,2,1,0,0,0,2,3,22,01.18.2006,CSKA,Pau-Orthez,TRUE
LANGDON TRAJAN,41:15,17,1/3,3/5,6/8,0,8,8,1,4,3,1,0,3,7,26,01.26.2006,CSKA,Real Madrid,FALSE
LANGDON TRAJAN,29:45,18,6/6,2/7,0,0,5,5,1,2,1,1,0,2,3,22,02.01.2006,CSKA,Ulker,TRUE
LANGDON TRAJAN,26:30,19,4/7,3/5,2/3,0,2,2,3,4,4,0,0,3,2,17,02.08.2006,CSKA,Partizan,FALSE
LANGDON TRAJAN,37:15,12,2/3,2/7,2/2,1,3,4,2,1,2,0,0,1,2,12,02.22.2006,CSKA,Lietuvos Rytas,FALSE
LANGDON TRAJAN,32:00,8,1/1,2/6,0,0,2,2,1,0,3,0,0,3,0,1,03.01.2006,CSKA,Tau Ceramica Vitoria-Gasteiz,TRUE
LANGDON TRAJAN,34:00,14,4/4,2/7,0,0,2,2,3,0,3,1,0,3,2,11,03.09.2006,CSKA,GHP Bamberg,FALSE
LANGDON TRAJAN,33:30,14,3/5,2/5,2/2,0,4,4,2,0,2,0,0,0,1,14,03.15.2006,CSKA,Lietuvos Rytas,TRUE
LANGDON TRAJAN,30:15,9,2/4,1/3,2/2,1,1,2,0,2,1,0,0,4,2,6,03.22.2006,CSKA,GHP Bamberg,TRUE
LANGDON TRAJAN,31:15,9,3/5,1/4,0,1,6,7,1,0,1,0,0,2,2,11,03.29.2006,CSKA,Tau Ceramica Vitoria-Gasteiz,FALSE
LANGDON TRAJAN,34:00,12,3/6,2/5,0,0,2,2,0,1,1,0,0,1,2,9,04.04.2006,CSKA,Efes Pilsen,TRUE
LANGDON TRAJAN,33:45,24,2/7,5/7,5/6,0,3,3,1,3,1,0,0,1,4,25,04.06.2006,CSKA,Efes Pilsen,FALSE
LANGDON TRAJAN,34:15,13,1/3,1/3,8/8,1,4,5,3,0,0,0,1,4,5,17,04.28.2006,CSKA,Winterthur FC Barcelona,FALSE
LANGDON TRAJAN,28:00,11,0/1,3/6,2/2,0,0,0,1,0,1,0,2,4,2,3,04.30.2006,CSKA,Maccabi Elite Tel Aviv,TRUE
HOLDEN JR,18:44,6,3/4,0/2,0,0,2,2,3,0,1,0,0,0,2,9,10.22.2007,CSKA,Prokom Trefl Sopot,FALSE
HOLDEN JR,23:56,0,0/3,0/2,0,0,0,0,2,1,1,0,0,1,0,-4,10.31.2007,CSKA,Montepaschi Siena,TRUE
HOLDEN JR,26:34,9,1/2,1/1,4/4,2,2,4,3,0,0,0,0,0,4,19,11.07.2007,CSKA,Union Olimpija,FALSE
HOLDEN JR,22:04,9,0/1,3/5,0,1,2,3,0,0,1,0,0,2,0,6,11.14.2007,CSKA,Olympiacos,TRUE
HOLDEN JR,29:11,10,2/2,2/5,0,0,0,0,3,2,1,0,0,5,1,7,11.21.2007,CSKA,Zalgiris,TRUE
HOLDEN JR,35:15,10,2/5,2/6,0/1,0,2,2,5,1,0,0,0,2,3,11,11.29.2007,CSKA,Tau Ceramica Vitoria-Gasteiz,FALSE
HOLDEN JR,32:29,10,3/7,1/2,1/1,0,2,2,8,1,4,0,1,2,2,11,12.05.2007,CSKA,Virtus VidiVici,TRUE
HOLDEN JR,23:30,10,2/3,2/2,0,0,1,1,3,1,0,0,0,1,0,13,12.12.2007,CSKA,Prokom Trefl Sopot,TRUE
HOLDEN JR,32:53,9,0/1,3/7,0,0,5,5,2,2,4,0,1,1,0,7,12.19.2007,CSKA,Montepaschi Siena,FALSE
HOLDEN JR,28:21,7,0,2/6,1/2,0,2,2,5,1,0,0,0,1,3,12,01.02.2008,CSKA,Union Olimpija,TRUE
HOLDEN JR,37:53,7,0,2/6,1/2,1,2,3,3,0,2,0,0,2,1,5,01.10.2008,CSKA,Olympiacos,FALSE
HOLDEN JR,26:49,9,3/4,1/4,0,0,3,3,4,0,1,0,0,2,1,10,01.17.2008,CSKA,Zalgiris,FALSE
HOLDEN JR,37:34,19,2/7,5/7,0,1,4,5,4,1,3,1,1,1,0,18,01.23.2008,CSKA,Tau Ceramica Vitoria-Gasteiz,TRUE
HOLDEN JR,12:24,0,0,0/2,0,0,1,1,2,0,0,0,0,0,0,1,01.30.2008,CSKA,Virtus VidiVici,FALSE
HOLDEN JR,37:42,6,1/8,0/3,4/5,2,2,4,4,3,1,0,1,3,4,5,02.13.2008,CSKA,Lottomatica Roma,TRUE
HOLDEN JR,27:06,0,0/1,0/2,0,0,2,2,1,2,1,0,0,0,1,2,02.20.2008,CSKA,AXA FC Barcelona,TRUE
HOLDEN JR,36:15,10,2/4,2/6,0,0,1,1,3,1,0,0,0,1,0,8,02.27.2008,CSKA,Unicaja,FALSE
HOLDEN JR,30:06,11,3/4,1/4,2/2,0,3,3,2,3,2,0,0,1,3,15,03.06.2008,CSKA,Lottomatica Roma,FALSE
HOLDEN JR,24:46,10,2/5,2/6,0,0,0,0,3,2,1,0,0,3,1,5,03.12.2008,CSKA,Unicaja,TRUE
HOLDEN JR,22:56,0,0/6,0/2,0,0,2,2,0,0,1,0,0,1,1,-7,03.20.2008,CSKA,AXA FC Barcelona,FALSE
HOLDEN JR,22:07,0,0/1,0/2,0,0,0,0,1,1,0,0,0,2,2,-1,04.01.2008,CSKA,Olympiacos,TRUE
HOLDEN JR,23:02,8,3/3,0/2,2/4,0,2,2,2,1,1,0,0,3,2,7,04.03.2008,CSKA,Olympiacos,FALSE
HOLDEN JR,27:00,3,0/1,1/3,0,0,1,1,6,0,1,0,0,2,3,7,04.09.2008,CSKA,Olympiacos,TRUE
HOLDEN JR,38:23,15,2/7,3/4,2/2,0,1,1,3,2,0,0,1,2,3,15,05.02.2008,CSKA,Tau Ceramica Vitoria-Gasteiz,FALSE
HOLDEN JR,33:29,14,1/4,3/7,3/4,1,0,1,3,2,2,0,0,4,3,9,05.04.2008,CSKA,Maccabi Elite Tel Aviv,FALSE
VAN DEN SPIEGEL TOMAS,24:45,6,2/3,0,2/2,1,3,4,0,0,3,4,0,3,3,10,10.22.2007,CSKA,CSKA Moscow,TRUE
VAN DEN SPIEGEL TOMAS,21:28,2,0/1,0,2/2,2,2,4,1,0,0,1,0,1,2,8,10.31.2007,CSKA,Zalgiris,FALSE
VAN DEN SPIEGEL TOMAS,29:53,17,6/11,0,5/11,4,10,14,1,0,2,2,0,3,8,26,11.07.2007,CSKA,Tau Ceramica Vitoria-Gasteiz,TRUE
VAN DEN SPIEGEL TOMAS,37:33,27,8/11,0,11/11,8,6,14,1,3,1,1,0,3,11,50,11.14.2007,CSKA,Virtus VidiVici,FALSE
VAN DEN SPIEGEL TOMAS,16:19,7,2/6,0,3/4,3,4,7,0,1,3,0,1,3,3,6,11.21.2007,CSKA,Olympiacos,FALSE
VAN DEN SPIEGEL TOMAS,9:43,2,0,0,2/2,0,2,2,0,0,3,1,0,3,1,0,11.29.2007,CSKA,Montepaschi Siena,TRUE
VAN DEN SPIEGEL TOMAS,25:11,15,5/8,0,5/6,1,6,7,0,0,3,3,0,4,4,18,12.19.2007,CSKA,Zalgiris,TRUE
VAN DEN SPIEGEL TOMAS,14:16,11,5/9,0,1/2,2,2,4,1,0,1,0,0,5,3,8,01.02.2008,CSKA,Tau Ceramica Vitoria-Gasteiz,FALSE
VAN DEN SPIEGEL TOMAS,28:29,4,1/9,0,2/2,3,5,8,2,3,1,3,2,4,2,7,01.10.2008,CSKA,Virtus VidiVici,TRUE
VAN DEN SPIEGEL TOMAS,30:11,15,5/9,0,5/6,5,7,12,0,2,2,2,0,2,4,26,01.17.2008,CSKA,Olympiacos,TRUE
VAN DEN SPIEGEL TOMAS,10:51,0,0/1,0,0/2,2,1,3,0,0,0,0,0,1,1,0,02.13.2008,CSKA,Lottomatica Roma,TRUE
VAN DEN SPIEGEL TOMAS,9:22,2,0/1,0,2/4,1,2,3,0,0,1,0,1,2,2,0,02.20.2008,CSKA,AXA FC Barcelona,TRUE
VAN DEN SPIEGEL TOMAS,12:13,8,2/5,0,4/4,3,1,4,0,0,2,0,2,5,2,2,02.27.2008,CSKA,Unicaja,FALSE
VAN DEN SPIEGEL TOMAS,14:50,4,1/3,0,2/6,2,5,7,0,0,0,1,0,4,4,6,03.06.2008,CSKA,Lottomatica Roma,FALSE
VAN DEN SPIEGEL TOMAS,14:30,8,4/4,0,0/1,1,2,3,0,0,0,0,0,1,1,10,03.12.2008,CSKA,Unicaja,TRUE
VAN DEN SPIEGEL TOMAS,11:23,6,3/3,0,0,1,1,2,0,0,1,0,0,0,0,7,03.20.2008,CSKA,AXA FC Barcelona,FALSE
VAN DEN SPIEGEL TOMAS,3:14,0,0,0,0,0,0,0,0,0,0,0,0,1,1,0,05.02.2008,CSKA,Tau Ceramica Vitoria-Gasteiz,FALSE
VAN DEN SPIEGEL TOMAS,3:01,3,1/1,0,1/2,0,1,1,0,1,0,0,0,1,2,5,05.04.2008,CSKA,Maccabi Elite Tel Aviv,FALSE
SISKAUSKAS RAMUNAS,18:22,13,1/1,2/3,5/8,0,0,0,0,1,0,0,0,2,3,11,10.22.2007,CSKA,Prokom Trefl Sopot,FALSE
SISKAUSKAS RAMUNAS,26:47,11,1/2,1/4,6/6,0,2,2,1,1,1,0,0,2,7,15,10.31.2007,CSKA,Montepaschi Siena,TRUE
SISKAUSKAS RAMUNAS,32:00,7,1/3,1/3,2/2,0,1,1,1,0,1,0,0,4,3,3,11.07.2007,CSKA,Union Olimpija,FALSE
SISKAUSKAS RAMUNAS,31:59,24,4/6,4/10,4/4,1,1,2,0,2,1,0,1,2,4,20,11.14.2007,CSKA,Olympiacos,TRUE
SISKAUSKAS RAMUNAS,30:34,19,4/4,3/4,2/2,1,1,2,3,1,1,0,0,1,5,27,11.21.2007,CSKA,Zalgiris,TRUE
SISKAUSKAS RAMUNAS,30:06,16,3/6,2/4,4/5,1,4,5,2,1,1,0,0,2,3,18,12.05.2007,CSKA,Virtus VidiVici,TRUE
SISKAUSKAS RAMUNAS,21:10,10,3/7,0,4/4,0,1,1,0,2,1,0,0,0,4,12,12.12.2007,CSKA,Prokom Trefl Sopot,TRUE
SISKAUSKAS RAMUNAS,30:14,18,5/8,1/3,5/6,1,4,5,1,3,0,2,0,2,7,28,12.19.2007,CSKA,Montepaschi Siena,FALSE
SISKAUSKAS RAMUNAS,25:13,5,0,1/3,2/2,0,4,4,1,2,4,1,0,2,4,9,01.02.2008,CSKA,Union Olimpija,TRUE
SISKAUSKAS RAMUNAS,35:50,9,3/4,1/6,0/2,1,1,2,3,1,0,0,0,1,4,10,01.10.2008,CSKA,Olympiacos,FALSE
SISKAUSKAS RAMUNAS,29:22,20,4/6,4/6,0,0,1,1,2,1,0,2,0,0,4,26,01.17.2008,CSKA,Zalgiris,FALSE
SISKAUSKAS RAMUNAS,27:35,9,1/3,1/4,4/6,2,3,5,3,1,0,1,1,2,4,13,01.23.2008,CSKA,Tau Ceramica Vitoria-Gasteiz,TRUE
SISKAUSKAS RAMUNAS,18:39,8,3/5,0/1,2/2,3,2,5,1,0,1,0,0,1,2,11,01.30.2008,CSKA,Virtus VidiVici,FALSE
SISKAUSKAS RAMUNAS,27:33,10,2/5,1/3,3/4,3,3,6,1,1,1,1,0,2,3,13,02.13.2008,CSKA,Lottomatica Roma,TRUE
SISKAUSKAS RAMUNAS,24:58,16,3/4,2/5,4/4,1,0,1,1,0,1,0,0,4,3,12,02.20.2008,CSKA,AXA FC Barcelona,TRUE
SISKAUSKAS RAMUNAS,26:57,12,4/5,0/3,4/6,2,2,4,0,1,3,0,0,1,4,11,02.27.2008,CSKA,Unicaja,FALSE
SISKAUSKAS RAMUNAS,28:06,25,5/6,3/3,6/7,1,3,4,0,2,1,0,1,2,5,30,03.06.2008,CSKA,Lottomatica Roma,FALSE
SISKAUSKAS RAMUNAS,32:09,6,0/3,2/4,0,2,5,7,3,1,1,0,0,1,0,10,03.12.2008,CSKA,Unicaja,TRUE
SISKAUSKAS RAMUNAS,29:30,13,2/6,1/2,6/8,1,3,4,2,1,2,1,1,3,5,13,03.20.2008,CSKA,AXA FC Barcelona,FALSE
SISKAUSKAS RAMUNAS,32:12,12,1/4,1/3,7/7,1,3,4,1,1,1,0,1,1,4,14,04.01.2008,CSKA,Olympiacos,TRUE
SISKAUSKAS RAMUNAS,21:37,20,4/4,4/7,0,0,4,4,3,1,1,1,0,4,5,26,04.03.2008,CSKA,Olympiacos,FALSE
SISKAUSKAS RAMUNAS,27:19,24,3/5,5/6,3/3,0,2,2,1,2,1,0,1,4,3,23,04.09.2008,CSKA,Olympiacos,TRUE
SISKAUSKAS RAMUNAS,20:21,16,3/4,1/4,7/8,2,0,2,1,0,1,0,0,4,6,15,05.02.2008,CSKA,Tau Ceramica Vitoria-Gasteiz,FALSE
SISKAUSKAS RAMUNAS,26:09,13,1/6,1/4,8/8,3,1,4,2,1,1,0,1,3,6,13,05.04.2008,CSKA,Maccabi Elite Tel Aviv,FALSE
HINES KYLE,23:28,6,3/7,0,0/4,3,1,4,0,0,0,1,2,1,2,2,10.15.2015,CSKA,Maccabi FOX Tel Aviv,TRUE
HINES KYLE,19:15,15,5/9,0,5/6,1,4,5,0,3,0,0,0,3,4,19,10.23.2015,CSKA,Dinamo Banco di Sardegna Sassari,FALSE
HINES KYLE,34:37,9,3/4,0,3/4,2,1,3,2,1,0,2,0,3,3,15,10.29.2015,CSKA,Brose Baskets Bamberg,TRUE
HINES KYLE,18:44,9,3/8,0,3/5,4,2,6,0,1,0,0,1,2,4,10,11.05.2015,CSKA,Darussafaka Dogus Istanbul,FALSE
HINES KYLE,32:36,13,6/7,0,1/3,1,3,4,1,0,1,0,0,2,2,14,11.13.2015,CSKA,Unicaja Malaga,TRUE
HINES KYLE,31:12,7,3/7,0,1/5,4,5,9,1,2,2,3,0,1,5,16,11.19.2015,CSKA,Maccabi FOX Tel Aviv,FALSE
HINES KYLE,26:31,6,2/5,0,2/4,2,3,5,2,1,2,2,2,1,2,8,11.27.2015,CSKA,Dinamo Banco di Sardegna Sassari,TRUE
HINES KYLE,28:29,17,5/6,0,7/8,0,5,5,1,0,1,0,0,2,6,24,12.03.2015,CSKA,Brose Baskets Bamberg,FALSE
HINES KYLE,10:51,4,2/2,0,0,1,0,1,0,0,1,4,0,2,1,7,12.11.2015,CSKA,Darussafaka Dogus Istanbul,TRUE
HINES KYLE,22:56,9,3/3,0,3/4,2,2,4,1,1,0,0,0,3,4,15,12.18.2015,CSKA,Unicaja Malaga,FALSE
HINES KYLE,11:16,6,3/4,0,0/1,0,2,2,0,0,1,0,1,4,1,1,12.29.2015,CSKA,Khimki Moscow Region,FALSE
HINES KYLE,25:10,14,7/7,0,0,3,2,5,0,0,1,1,0,2,1,18,01.07.2016,CSKA,Real Madrid,TRUE
HINES KYLE,29:48,12,5/7,0,2/3,3,3,6,3,1,1,1,0,1,2,20,01.14.2016,CSKA,FC Barcelona Lassa,TRUE
HINES KYLE,35:09,11,5/12,0,1/2,3,8,11,0,1,1,2,1,4,2,13,01.21.2016,CSKA,Laboral Kutxa Vitoria Gasteiz,FALSE
HINES KYLE,21:09,9,4/5,0,1/1,2,1,3,1,0,0,1,0,2,1,12,01.28.2016,CSKA,Brose Baskets Bamberg,TRUE
HINES KYLE,25:56,9,3/4,0,3/3,0,3,3,0,0,1,0,0,3,3,10,02.05.2016,CSKA,Zalgiris Kaunas,FALSE
HINES KYLE,21:30,10,3/5,0,4/7,2,2,4,0,0,2,2,1,3,5,10,02.12.2016,CSKA,Olympiacos Piraeus,TRUE
HINES KYLE,24:31,11,3/5,0,5/8,1,3,4,1,1,1,0,1,2,4,12,02.25.2016,CSKA,Khimki Moscow Region,TRUE
HINES KYLE,25:37,16,7/9,0,2/2,0,4,4,1,2,1,0,1,3,2,18,03.02.2016,CSKA,Real Madrid,FALSE
HINES KYLE,29:38,17,6/9,0,5/9,4,1,5,1,0,3,1,0,3,5,16,03.11.2016,CSKA,FC Barcelona Lassa,FALSE
HINES KYLE,14:54,7,3/5,0,1/1,0,4,4,1,0,1,1,1,2,2,9,03.17.2016,CSKA,Laboral Kutxa Vitoria Gasteiz,TRUE
HINES KYLE,31:42,9,2/5,0,5/6,1,3,4,0,0,1,0,0,4,6,10,03.24.2016,CSKA,Brose Baskets Bamberg,FALSE
HINES KYLE,31:08,14,6/7,0,2/2,4,1,5,3,0,0,1,1,2,2,21,04.01.2016,CSKA,Zalgiris Kaunas,TRUE
HINES KYLE,25:21,7,2/5,0,3/6,2,7,9,2,2,1,0,0,4,4,13,04.08.2016,CSKA,Olympiacos Piraeus,FALSE
HINES KYLE,26:38,21,9/12,0,3/5,1,2,3,0,1,2,1,2,2,4,19,04.12.2016,CSKA,Crvena Zvezda Telekom Belgrade,TRUE
HINES KYLE,35:25,19,8/9,0,3/3,3,1,4,2,1,0,0,0,2,2,25,04.14.2016,CSKA,Crvena Zvezda Telekom Belgrade,TRUE
HINES KYLE,29:25,7,2/2,0,3/4,1,3,4,2,0,2,0,0,4,2,8,04.18.2016,CSKA,Crvena Zvezda Telekom Belgrade,FALSE
HINES KYLE,36:37,8,3/4,0,2/2,4,3,7,3,0,3,0,0,2,1,13,05.13.2016,CSKA,Lokomotiv Kuban Krasnodar,TRUE
HINES KYLE,32:32,15,6/7,0,3/3,1,3,4,2,0,3,0,1,4,3,15,05.15.2016,CSKA,Fenerbahce Istanbul,FALSE
VORONTSEVICH ANDREY,19:15,9,0/2,3/4,0,3,4,7,0,0,1,1,1,3,1,10,10.15.2015,CSKA,Maccabi FOX Tel Aviv,TRUE
VORONTSEVICH ANDREY,21:41,10,2/5,2/4,0,2,0,2,1,2,0,1,0,3,0,8,10.23.2015,CSKA,Dinamo Banco di Sardegna Sassari,FALSE
VORONTSEVICH ANDREY,25:06,8,0/2,2/7,2/2,1,5,6,0,1,0,0,1,2,2,7,10.29.2015,CSKA,Brose Baskets Bamberg,TRUE
VORONTSEVICH ANDREY,27:24,7,2/3,1/1,0,0,2,2,3,1,2,0,1,2,2,9,11.05.2015,CSKA,Darussafaka Dogus Istanbul,FALSE
VORONTSEVICH ANDREY,26:47,7,0,2/3,1/2,2,5,7,1,2,2,0,0,2,1,12,11.13.2015,CSKA,Unicaja Malaga,TRUE
VORONTSEVICH ANDREY,30:30,7,2/4,1/2,0,1,5,6,3,0,1,0,0,3,2,11,11.19.2015,CSKA,Maccabi FOX Tel Aviv,FALSE
VORONTSEVICH ANDREY,22:15,5,1/2,0,3/4,5,3,8,0,0,0,0,0,0,4,15,11.27.2015,CSKA,Dinamo Banco di Sardegna Sassari,TRUE
VORONTSEVICH ANDREY,25:47,8,1/2,2/4,0,0,3,3,2,0,1,0,0,3,1,7,12.03.2015,CSKA,Brose Baskets Bamberg,FALSE
VORONTSEVICH ANDREY,19:13,5,1/1,1/3,0,0,5,5,0,2,1,0,0,1,0,8,12.11.2015,CSKA,Darussafaka Dogus Istanbul,TRUE
VORONTSEVICH ANDREY,24:52,8,1/2,2/3,0/1,2,1,3,2,1,1,1,0,2,2,11,12.18.2015,CSKA,Unicaja Malaga,FALSE
VORONTSEVICH ANDREY,14:30,11,3/5,1/2,2/2,1,4,5,0,0,1,0,0,3,1,10,01.07.2016,CSKA,Real Madrid,TRUE
VORONTSEVICH ANDREY,31:11,16,2/2,4/6,0,0,9,9,4,2,2,0,0,2,0,25,01.14.2016,CSKA,FC Barcelona Lassa,TRUE
VORONTSEVICH ANDREY,18:30,8,1/1,2/6,0,0,2,2,0,0,0,1,0,4,0,3,01.21.2016,CSKA,Laboral Kutxa Vitoria Gasteiz,FALSE
VORONTSEVICH ANDREY,17:39,6,0/2,2/3,0,1,2,3,1,0,1,1,0,1,1,7,01.28.2016,CSKA,Brose Baskets Bamberg,TRUE
VORONTSEVICH ANDREY,17:12,1,0,0/1,1/2,1,1,2,2,0,1,0,0,2,1,1,02.05.2016,CSKA,Zalgiris Kaunas,FALSE
VORONTSEVICH ANDREY,15:59,1,0/1,0,1/2,1,5,6,1,0,1,0,0,3,1,3,02.12.2016,CSKA,Olympiacos Piraeus,TRUE
VORONTSEVICH ANDREY,18:10,7,2/3,1/1,0,3,0,3,1,0,0,0,0,1,0,9,02.25.2016,CSKA,Khimki Moscow Region,TRUE
VORONTSEVICH ANDREY,23:34,8,1/3,2/7,0,0,2,2,0,1,1,1,1,2,2,3,03.02.2016,CSKA,Real Madrid,FALSE
VORONTSEVICH ANDREY,41:00,15,2/2,3/7,2/2,2,4,6,4,1,0,2,0,3,2,23,03.11.2016,CSKA,FC Barcelona Lassa,FALSE
VORONTSEVICH ANDREY,31:38,17,5/6,2/6,1/2,1,2,3,4,2,0,0,0,2,2,20,03.17.2016,CSKA,Laboral Kutxa Vitoria Gasteiz,TRUE
VORONTSEVICH ANDREY,30:58,17,1/3,5/8,0,1,3,4,1,0,0,0,0,5,0,12,03.24.2016,CSKA,Brose Baskets Bamberg,FALSE
VORONTSEVICH ANDREY,28:21,9,0/2,2/4,3/4,0,2,2,3,1,0,0,0,2,3,11,04.01.2016,CSKA,Zalgiris Kaunas,TRUE
VORONTSEVICH ANDREY,21:04,10,3/6,1/1,1/2,0,1,1,2,1,2,1,0,2,1,8,04.08.2016,CSKA,Olympiacos Piraeus,FALSE
VORONTSEVICH ANDREY,33:12,5,1/1,0/3,3/4,3,4,7,2,2,0,2,0,1,2,15,04.12.2016,CSKA,Crvena Zvezda Telekom Belgrade,TRUE
VORONTSEVICH ANDREY,30:23,6,0/1,2/7,0/2,2,2,4,0,0,0,1,0,3,2,2,04.14.2016,CSKA,Crvena Zvezda Telekom Belgrade,TRUE
VORONTSEVICH ANDREY,19:26,8,1/2,2/5,0,0,3,3,1,2,1,0,1,5,0,3,04.18.2016,CSKA,Crvena Zvezda Telekom Belgrade,FALSE
VORONTSEVICH ANDREY,21:10,9,0/2,3/6,0,1,3,4,0,0,1,3,2,3,1,6,05.13.2016,CSKA,Lokomotiv Kuban Krasnodar,TRUE
VORONTSEVICH ANDREY,23:11,11,2/4,1/6,4/4,0,3,3,0,1,2,2,0,5,2,5,05.15.2016,CSKA,Fenerbahce Istanbul,FALSE
TEODOSIC MILOS,18:55,15,4/4,1/6,4/4,1,1,2,5,0,2,0,0,1,2,16,10.15.2015,CSKA,Maccabi FOX Tel Aviv,TRUE
TEODOSIC MILOS,24:33,10,0/2,2/3,4/4,0,3,3,10,1,3,0,0,2,3,19,10.23.2015,CSKA,Dinamo Banco di Sardegna Sassari,FALSE
TEODOSIC MILOS,29:25,18,5/7,2/6,2/3,0,3,3,4,1,2,0,0,1,5,21,10.29.2015,CSKA,Brose Baskets Bamberg,TRUE
TEODOSIC MILOS,29:32,22,3/3,4/7,4/5,0,2,2,9,1,5,0,0,1,4,28,11.05.2015,CSKA,Darussafaka Dogus Istanbul,FALSE
TEODOSIC MILOS,25:15,10,1/3,1/5,5/6,0,0,0,7,2,2,0,1,2,4,11,11.13.2015,CSKA,Unicaja Malaga,TRUE
TEODOSIC MILOS,28:27,25,2/4,5/9,6/6,0,1,1,5,0,5,0,0,1,5,24,11.19.2015,CSKA,Maccabi FOX Tel Aviv,FALSE
TEODOSIC MILOS,25:32,21,3/4,5/10,0,0,2,2,3,0,2,0,1,4,2,15,11.27.2015,CSKA,Dinamo Banco di Sardegna Sassari,TRUE
TEODOSIC MILOS,23:23,3,0/2,1/7,0,0,1,1,5,0,0,0,2,3,0,-4,12.03.2015,CSKA,Brose Baskets Bamberg,FALSE
TEODOSIC MILOS,21:35,8,0/2,2/4,2/2,1,2,3,9,0,1,0,1,1,4,17,12.11.2015,CSKA,Darussafaka Dogus Istanbul,TRUE
TEODOSIC MILOS,27:28,6,3/6,0/4,0,0,3,3,5,4,2,0,0,1,1,9,12.18.2015,CSKA,Unicaja Malaga,FALSE
TEODOSIC MILOS,25:21,18,3/5,3/9,3/4,0,4,4,7,2,3,0,1,3,3,18,12.29.2015,CSKA,Khimki Moscow Region,FALSE
TEODOSIC MILOS,32:01,23,4/7,3/9,6/7,0,3,3,7,4,2,0,1,3,5,26,01.07.2016,CSKA,Real Madrid,TRUE
TEODOSIC MILOS,22:11,16,1/2,4/7,2/2,0,1,1,6,0,4,0,0,3,3,15,01.14.2016,CSKA,FC Barcelona Lassa,TRUE
TEODOSIC MILOS,33:17,18,3/5,2/8,6/7,1,2,3,7,2,4,0,0,4,7,20,01.21.2016,CSKA,Laboral Kutxa Vitoria Gasteiz,FALSE
TEODOSIC MILOS,22:11,14,2/5,2/3,4/4,0,2,2,6,0,2,0,1,2,3,16,01.28.2016,CSKA,Brose Baskets Bamberg,TRUE
TEODOSIC MILOS,23:39,20,4/7,3/6,3/3,0,3,3,4,2,3,0,0,4,5,21,02.05.2016,CSKA,Zalgiris Kaunas,FALSE
TEODOSIC MILOS,28:52,21,1/3,3/7,10/11,0,2,2,5,1,1,0,1,0,7,27,02.12.2016,CSKA,Olympiacos Piraeus,TRUE
TEODOSIC MILOS,25:47,26,1/2,6/9,6/6,1,2,3,3,1,4,0,0,2,4,27,02.25.2016,CSKA,Khimki Moscow Region,TRUE
TEODOSIC MILOS,24:31,15,1/6,3/3,4/5,0,2,2,5,0,3,0,0,1,4,16,03.02.2016,CSKA,Real Madrid,FALSE
TEODOSIC MILOS,36:31,23,5/8,2/6,7/8,2,5,7,6,0,5,0,1,4,7,25,03.11.2016,CSKA,FC Barcelona Lassa,FALSE
TEODOSIC MILOS,24:23,17,4/7,2/8,3/3,1,4,5,6,0,3,0,1,2,4,17,03.17.2016,CSKA,Laboral Kutxa Vitoria Gasteiz,TRUE
TEODOSIC MILOS,27:51,19,2/5,3/10,6/8,0,2,2,2,0,1,0,0,2,6,14,03.24.2016,CSKA,Brose Baskets Bamberg,FALSE
TEODOSIC MILOS,29:42,15,1/3,2/5,7/7,0,4,4,4,0,4,0,0,2,5,17,04.01.2016,CSKA,Zalgiris Kaunas,TRUE
TEODOSIC MILOS,23:49,13,2/4,2/5,3/6,0,1,1,8,3,3,0,1,1,6,18,04.08.2016,CSKA,Olympiacos Piraeus,FALSE
TEODOSIC MILOS,35:24,23,4/5,4/5,3/3,0,6,6,6,0,6,0,0,3,4,28,04.12.2016,CSKA,Crvena Zvezda Telekom Belgrade,TRUE
TEODOSIC MILOS,18:14,9,0/1,3/5,0,1,2,3,1,0,5,0,0,2,0,3,04.14.2016,CSKA,Crvena Zvezda Telekom Belgrade,TRUE
TEODOSIC MILOS,29:24,12,1/1,2/4,4/4,0,0,0,7,0,7,0,0,3,3,10,04.18.2016,CSKA,Crvena Zvezda Telekom Belgrade,FALSE
TEODOSIC MILOS,24:51,8,0/1,2/4,2/2,0,1,1,6,1,2,0,0,3,5,13,05.13.2016,CSKA,Lokomotiv Kuban Krasnodar,TRUE
TEODOSIC MILOS,34:43,19,1/1,3/6,8/9,0,5,5,7,2,2,0,1,4,7,29,05.15.2016,CSKA,Fenerbahce Istanbul,FALSE
JACKSON AARON,23:50,12,4/6,0,4/4,0,0,0,7,2,1,0,0,1,5,22,10.15.2015,CSKA,Maccabi FOX Tel Aviv,TRUE
JACKSON AARON,22:09,12,5/7,0/1,2/3,1,1,2,4,1,2,0,0,2,2,13,10.23.2015,CSKA,Dinamo Banco di Sardegna Sassari,FALSE
JACKSON AARON,21:30,13,2/4,3/4,0,0,1,1,2,1,1,0,0,3,1,11,10.29.2015,CSKA,Brose Baskets Bamberg,TRUE
JACKSON AARON,24:23,7,3/5,0/2,1/2,1,3,4,1,1,3,0,0,3,1,3,11.05.2015,CSKA,Darussafaka Dogus Istanbul,FALSE
JACKSON AARON,22:29,0,0,0/1,0,0,3,3,5,0,0,0,0,1,4,10,11.13.2015,CSKA,Unicaja Malaga,TRUE
JACKSON AARON,17:11,4,1/3,0/1,2/2,0,1,1,1,0,2,0,0,2,2,1,11.19.2015,CSKA,Maccabi FOX Tel Aviv,FALSE
JACKSON AARON,12:59,0,0/1,0/2,0,0,1,1,0,1,1,0,1,2,0,-5,11.27.2015,CSKA,Dinamo Banco di Sardegna Sassari,TRUE
JACKSON AARON,9:08,0,0/1,0/2,0,2,0,2,1,0,0,0,0,1,2,1,01.14.2016,CSKA,FC Barcelona Lassa,TRUE
JACKSON AARON,13:03,4,2/2,0,0,0,1,1,0,0,0,0,0,1,0,4,01.21.2016,CSKA,Laboral Kutxa Vitoria Gasteiz,FALSE
JACKSON AARON,14:31,3,0/1,1/2,0,0,1,1,1,0,2,0,0,1,2,2,01.28.2016,CSKA,Brose Baskets Bamberg,TRUE
JACKSON AARON,14:15,1,0,0/2,1/2,0,2,2,7,0,2,0,0,3,1,3,02.05.2016,CSKA,Zalgiris Kaunas,FALSE
JACKSON AARON,15:38,3,1/4,0/1,1/2,0,0,0,0,1,0,0,1,2,2,-2,02.12.2016,CSKA,Olympiacos Piraeus,TRUE
JACKSON AARON,15:41,8,0,2/2,2/2,0,2,2,4,1,1,0,0,5,1,10,02.25.2016,CSKA,Khimki Moscow Region,TRUE
JACKSON AARON,12:07,0,0/1,0,0,0,1,1,4,0,0,0,0,1,1,4,03.02.2016,CSKA,Real Madrid,FALSE
JACKSON AARON,6:16,0,0/1,0/1,0,0,0,0,1,0,0,0,0,1,0,-2,03.11.2016,CSKA,FC Barcelona Lassa,FALSE
JACKSON AARON,12:01,3,0,1/1,0,0,0,0,3,0,0,0,0,2,0,4,03.17.2016,CSKA,Laboral Kutxa Vitoria Gasteiz,TRUE
JACKSON AARON,17:49,4,2/2,0/1,0,0,2,2,1,0,0,0,0,1,0,5,03.24.2016,CSKA,Brose Baskets Bamberg,FALSE
JACKSON AARON,4:47,0,0/1,0/1,0,0,0,0,0,0,0,0,0,1,0,-3,04.01.2016,CSKA,Zalgiris Kaunas,TRUE
JACKSON AARON,23:36,13,5/5,1/4,0/3,1,0,1,3,1,0,1,0,2,2,13,04.08.2016,CSKA,Olympiacos Piraeus,FALSE
JACKSON AARON,9:14,3,1/1,0/1,1/2,0,1,1,1,0,1,0,0,1,1,2,04.12.2016,CSKA,Crvena Zvezda Telekom Belgrade,TRUE
JACKSON AARON,17:58,5,1/3,1/2,0,1,3,4,3,0,3,0,2,4,3,3,04.14.2016,CSKA,Crvena Zvezda Telekom Belgrade,TRUE
JACKSON AARON,16:26,6,0/1,2/3,0,0,1,1,4,0,2,0,0,0,0,7,04.18.2016,CSKA,Crvena Zvezda Telekom Belgrade,FALSE
JACKSON AARON,5:07,0,0,0/2,0,0,0,0,0,0,1,0,0,0,0,-3,05.13.2016,CSKA,Lokomotiv Kuban Krasnodar,TRUE
JACKSON AARON,16:48,8,3/3,0/2,2/2,0,1,1,1,0,1,0,0,2,2,7,05.15.2016,CSKA,Fenerbahce Istanbul,FALSE
FRIDZON VITALY,15:45,11,3/4,1/4,2/2,1,3,4,1,1,0,0,0,2,2,13,10.15.2015,CSKA,Maccabi FOX Tel Aviv,TRUE
FRIDZON VITALY,9:38,6,3/3,0/1,0,1,2,3,1,0,2,0,0,1,0,6,10.23.2015,CSKA,Dinamo Banco di Sardegna Sassari,FALSE
FRIDZON VITALY,5:36,0,0/1,0,0,1,3,4,1,1,0,0,0,2,0,3,10.29.2015,CSKA,Brose Baskets Bamberg,TRUE
FRIDZON VITALY,23:36,12,3/6,1/2,3/3,0,2,2,2,2,1,0,2,2,3,12,11.19.2015,CSKA,Maccabi FOX Tel Aviv,FALSE
FRIDZON VITALY,11:49,7,0/1,1/2,4/4,0,1,1,1,0,1,0,0,2,2,6,11.27.2015,CSKA,Dinamo Banco di Sardegna Sassari,TRUE
FRIDZON VITALY,17:00,2,1/1,0/1,0,0,1,1,1,1,1,0,0,2,0,1,12.03.2015,CSKA,Brose Baskets Bamberg,FALSE
FRIDZON VITALY,17:40,13,1/3,3/4,2/2,0,2,2,2,1,1,0,0,3,2,13,12.11.2015,CSKA,Darussafaka Dogus Istanbul,TRUE
FRIDZON VITALY,14:53,9,0/2,3/6,0,0,0,0,0,0,0,0,0,2,0,2,12.18.2015,CSKA,Unicaja Malaga,FALSE
FRIDZON VITALY,26:28,9,1/2,2/3,1/2,0,4,4,1,2,2,0,1,2,3,11,12.29.2015,CSKA,Khimki Moscow Region,FALSE
FRIDZON VITALY,12:11,7,2/3,1/1,0,0,1,1,1,0,0,0,1,3,0,4,01.07.2016,CSKA,Real Madrid,TRUE
FRIDZON VITALY,18:39,6,1/1,1/3,1/2,0,0,0,1,0,1,0,0,2,3,4,01.14.2016,CSKA,FC Barcelona Lassa,TRUE
FRIDZON VITALY,13:43,10,2/4,1/2,3/5,1,1,2,1,0,1,0,1,2,2,6,01.21.2016,CSKA,Laboral Kutxa Vitoria Gasteiz,FALSE
FRIDZON VITALY,14:24,3,0,0/4,3/4,0,0,0,1,0,0,0,0,3,2,-2,01.28.2016,CSKA,Brose Baskets Bamberg,TRUE
FRIDZON VITALY,16:08,10,0/1,3/5,1/2,2,0,2,1,1,0,0,0,1,1,10,02.05.2016,CSKA,Zalgiris Kaunas,FALSE
FRIDZON VITALY,5:38,3,0,1/1,0,0,0,0,0,1,0,0,0,3,0,1,02.12.2016,CSKA,Olympiacos Piraeus,TRUE
FRIDZON VITALY,12:09,2,0/1,0/1,2/2,0,2,2,0,0,1,0,0,1,1,1,02.25.2016,CSKA,Khimki Moscow Region,TRUE
FRIDZON VITALY,14:05,13,1/1,3/4,2/2,1,0,1,1,1,0,0,0,4,2,13,03.02.2016,CSKA,Real Madrid,FALSE
FRIDZON VITALY,17:34,4,2/2,0/3,0,2,1,3,3,0,0,0,0,2,2,7,03.11.2016,CSKA,FC Barcelona Lassa,FALSE
FRIDZON VITALY,16:00,0,0/1,0/1,0,0,2,2,1,0,0,0,0,3,0,-2,03.17.2016,CSKA,Laboral Kutxa Vitoria Gasteiz,TRUE
FRIDZON VITALY,10:29,0,0,0/2,0,0,1,1,1,1,0,0,0,1,0,0,03.24.2016,CSKA,Brose Baskets Bamberg,FALSE
FRIDZON VITALY,18:26,12,0/2,4/7,0,0,4,4,1,1,1,0,1,3,3,11,04.01.2016,CSKA,Zalgiris Kaunas,TRUE
FRIDZON VITALY,15:55,11,2/3,2/4,1/1,0,2,2,1,1,0,0,1,2,1,10,04.08.2016,CSKA,Olympiacos Piraeus,FALSE
FRIDZON VITALY,15:32,5,1/1,1/4,0,0,2,2,0,2,2,1,0,3,1,3,04.12.2016,CSKA,Crvena Zvezda Telekom Belgrade,TRUE
FRIDZON VITALY,3:45,2,0/1,0/1,2/2,0,0,0,0,0,0,0,0,2,2,0,04.14.2016,CSKA,Crvena Zvezda Telekom Belgrade,TRUE
FRIDZON VITALY,7:42,2,0/1,0/1,2/2,0,2,2,1,0,0,0,0,2,1,2,04.18.2016,CSKA,Crvena Zvezda Telekom Belgrade,FALSE
FRIDZON VITALY,16:39,13,3/3,2/3,1/1,1,0,1,0,1,1,0,0,3,1,11,05.13.2016,CSKA,Lokomotiv Kuban Krasnodar,TRUE
FRIDZON VITALY,6:03,0,0,0,0,0,0,0,0,0,0,0,0,2,0,-2,05.15.2016,CSKA,Fenerbahce Istanbul,FALSE
DE COLO NANDO,20:08,17,6/8,1/3,2/2,0,3,3,1,0,0,0,0,1,3,19,10.15.2015,CSKA,Maccabi FOX Tel Aviv,TRUE
DE COLO NANDO,26:10,18,3/7,3/5,3/4,0,5,5,6,3,3,0,1,1,4,24,10.23.2015,CSKA,Dinamo Banco di Sardegna Sassari,FALSE
DE COLO NANDO,29:25,22,6/9,1/1,7/8,0,0,0,7,2,3,0,0,3,7,28,10.29.2015,CSKA,Brose Baskets Bamberg,TRUE
DE COLO NANDO,23:52,19,7/11,1/3,2/3,1,4,5,1,0,2,0,1,2,4,17,11.05.2015,CSKA,Darussafaka Dogus Istanbul,FALSE
DE COLO NANDO,28:38,14,4/5,2/7,0,1,2,3,4,2,4,0,0,1,5,17,11.13.2015,CSKA,Unicaja Malaga,TRUE
DE COLO NANDO,26:47,15,3/8,2/5,3/3,0,3,3,5,1,1,0,0,3,5,17,11.19.2015,CSKA,Maccabi FOX Tel Aviv,FALSE
DE COLO NANDO,26:57,17,1/5,1/2,12/12,0,3,3,3,1,1,0,0,1,9,26,11.27.2015,CSKA,Dinamo Banco di Sardegna Sassari,TRUE
DE COLO NANDO,29:38,27,7/9,3/5,4/4,0,2,2,11,0,2,0,1,3,3,33,12.03.2015,CSKA,Brose Baskets Bamberg,FALSE
DE COLO NANDO,20:34,14,4/8,0/1,6/6,0,7,7,4,0,4,0,0,1,4,19,12.11.2015,CSKA,Darussafaka Dogus Istanbul,TRUE
DE COLO NANDO,30:34,18,4/5,2/4,4/5,0,2,2,7,0,5,0,1,1,7,23,12.18.2015,CSKA,Unicaja Malaga,FALSE
DE COLO NANDO,26:57,20,4/10,2/5,6/6,0,3,3,6,0,3,1,1,4,7,20,12.29.2015,CSKA,Khimki Moscow Region,FALSE
DE COLO NANDO,35:10,28,9/13,3/5,1/1,0,2,2,7,0,5,0,1,2,6,29,01.07.2016,CSKA,Real Madrid,TRUE
DE COLO NANDO,21:16,19,5/7,2/3,3/4,0,6,6,3,1,1,0,0,0,4,28,01.28.2016,CSKA,Brose Baskets Bamberg,TRUE
DE COLO NANDO,22:32,19,4/8,3/4,2/2,1,2,3,3,3,3,1,0,1,5,25,02.05.2016,CSKA,Zalgiris Kaunas,FALSE
DE COLO NANDO,27:57,19,4/9,1/3,8/9,1,0,1,4,1,3,0,0,1,9,22,02.12.2016,CSKA,Olympiacos Piraeus,TRUE
DE COLO NANDO,30:22,19,1/6,4/8,5/6,1,3,4,8,2,2,0,0,1,8,28,02.25.2016,CSKA,Khimki Moscow Region,TRUE
DE COLO NANDO,30:39,12,1/6,2/5,4/4,0,6,6,8,0,3,0,1,2,5,17,03.02.2016,CSKA,Real Madrid,FALSE
DE COLO NANDO,35:21,30,6/11,4/6,6/9,1,6,7,3,2,4,0,0,1,6,33,03.11.2016,CSKA,FC Barcelona Lassa,FALSE
DE COLO NANDO,26:36,19,6/7,1/1,4/4,0,4,4,3,1,2,0,0,2,5,27,03.17.2016,CSKA,Laboral Kutxa Vitoria Gasteiz,TRUE
DE COLO NANDO,31:32,21,5/10,1/5,8/8,0,2,2,7,0,2,0,2,3,7,21,03.24.2016,CSKA,Brose Baskets Bamberg,FALSE
DE COLO NANDO,29:49,26,5/7,3/4,7/7,1,6,7,3,1,4,1,1,1,6,35,04.01.2016,CSKA,Zalgiris Kaunas,TRUE
DE COLO NANDO,27:22,20,4/9,0/1,12/13,0,4,4,4,3,1,1,0,1,13,36,04.08.2016,CSKA,Olympiacos Piraeus,FALSE
DE COLO NANDO,28:10,7,2/5,0/1,3/3,0,2,2,10,0,3,0,0,4,8,16,04.12.2016,CSKA,Crvena Zvezda Telekom Belgrade,TRUE
DE COLO NANDO,21:48,13,2/5,0/1,9/10,0,4,4,3,3,3,0,0,2,8,21,04.14.2016,CSKA,Crvena Zvezda Telekom Belgrade,TRUE
DE COLO NANDO,28:13,20,7/9,1/5,3/4,0,3,3,2,1,5,0,1,3,9,19,04.18.2016,CSKA,Crvena Zvezda Telekom Belgrade,FALSE
DE COLO NANDO,32:48,30,9/14,2/4,6/6,0,3,3,4,1,3,0,1,4,7,30,05.13.2016,CSKA,Lokomotiv Kuban Krasnodar,TRUE
DE COLO NANDO,28:27,22,5/12,1/3,9/10,0,2,2,7,3,3,0,2,4,11,26,05.15.2016,CSKA,Fenerbahce Istanbul,FALSE
KAUN SASHA,2:39,2,1/2,0,0,0,0,0,0,0,0,0,0,2,0,-1,10.28.2009,CSKA,Lottomatica Roma,TRUE
KAUN SASHA,12:14,0,0,0,0/2,2,0,2,0,0,0,1,0,3,2,0,11.05.2009,CSKA,Maccabi Electra,FALSE
KAUN SASHA,5:38,0,0/1,0,0,0,2,2,0,0,0,0,0,1,0,0,11.11.2009,CSKA,Union Olimpija,TRUE
KAUN SASHA,35:44,14,6/12,0,2/2,4,4,8,1,2,1,0,1,3,2,16,11.26.2009,CSKA,Caja Laboral,FALSE
KAUN SASHA,24:16,12,5/5,0,2/2,3,2,5,0,1,2,2,0,1,2,19,12.02.2009,CSKA,Maroussi,TRUE
KAUN SASHA,28:47,13,6/9,0,1/1,4,6,10,2,1,0,1,0,1,1,24,12.10.2009,CSKA,Lottomatica Roma,FALSE
KAUN SASHA,36:05,21,6/9,0,9/15,1,4,5,1,0,4,0,1,3,11,21,12.17.2009,CSKA,Maccabi Electra,TRUE
KAUN SASHA,21:23,7,3/3,0,1/2,0,1,1,1,1,2,2,0,5,3,7,01.07.2010,CSKA,Union Olimpija,FALSE
KAUN SASHA,37:37,6,3/3,0,0,1,3,4,0,2,4,0,0,3,3,8,01.14.2010,CSKA,Caja Laboral,TRUE
KAUN SASHA,17:49,9,3/3,0,3/4,1,1,2,2,0,0,0,0,4,2,10,01.27.2010,CSKA,Unicaja,TRUE
KAUN SASHA,5:27,0,0/1,0,0,0,0,0,0,0,0,0,1,4,1,-5,02.03.2010,CSKA,Zalgiris Kaunas,FALSE
KAUN SASHA,35:23,18,6/7,0,6/9,4,6,10,0,1,0,5,0,4,6,32,02.10.2010,CSKA,Asseco Prokom,TRUE
KAUN SASHA,23:28,13,5/5,0,3/8,3,2,5,0,0,2,1,0,4,6,14,02.24.2010,CSKA,Asseco Prokom,FALSE
KAUN SASHA,21:51,14,7/10,0,0/1,3,5,8,0,1,1,0,2,2,1,15,03.03.2010,CSKA,Unicaja,FALSE
KAUN SASHA,12:33,6,2/5,0,2/2,0,1,1,1,0,0,2,1,1,2,7,03.10.2010,CSKA,Zalgiris Kaunas,TRUE
KAUN SASHA,13:09,10,4/5,0,2/2,1,1,2,0,0,1,0,0,4,1,7,03.23.2010,CSKA,Caja Laboral,TRUE
KAUN SASHA,18:57,9,4/5,0,1/2,3,5,8,0,0,0,1,1,3,2,14,03.25.2010,CSKA,Caja Laboral,TRUE
KAUN SASHA,21:17,7,3/5,0,1/2,1,2,3,0,0,0,2,0,5,3,7,03.30.2010,CSKA,Caja Laboral,FALSE
KAUN SASHA,32:49,18,8/9,0,2/5,4,6,10,1,0,4,1,0,2,7,27,04.01.2010,CSKA,Caja Laboral,FALSE
KAUN SASHA,34:41,9,4/7,0,1/4,4,6,10,1,0,1,1,0,2,3,15,05.07.2010,CSKA,Regal FC Barcelona,FALSE
KAUN SASHA,28:07,3,1/2,0,1/2,1,0,1,2,0,0,1,1,5,5,4,05.09.2010,CSKA,Partizan Belgrade,TRUE
KHRYAPA VICTOR,21:58,7,0/4,2/5,1/2,1,5,6,4,0,3,1,0,5,2,4,10.17.2011,CSKA,Zalgiris Kaunas,FALSE
KHRYAPA VICTOR,19:04,7,0,2/4,1/2,0,1,1,1,0,0,0,0,3,4,7,10.26.2011,CSKA,Brose Baskets,TRUE
KHRYAPA VICTOR,18:40,7,2/5,0/1,3/4,1,3,4,0,2,1,0,0,2,3,8,11.02.2011,CSKA,Zagreb,FALSE
KHRYAPA VICTOR,28:59,11,5/7,0/3,1/1,0,3,3,4,0,1,3,0,4,1,12,11.10.2011,CSKA,Panathinaikos Athens,FALSE
KHRYAPA VICTOR,21:11,3,0/2,1/3,0,0,3,3,4,0,3,0,1,3,1,0,11.16.2011,CSKA,Unicaja Malaga,TRUE
KHRYAPA VICTOR,18:05,7,1/2,1/3,2/2,0,2,2,3,1,4,0,0,5,1,2,11.23.2011,CSKA,Zalgiris Kaunas,TRUE
KHRYAPA VICTOR,30:38,19,2/3,5/5,0,0,7,7,5,1,4,0,0,3,0,24,11.30.2011,CSKA,Brose Baskets,FALSE
KHRYAPA VICTOR,18:31,2,1/2,0/1,0/2,2,2,4,2,0,0,0,0,4,3,3,12.07.2011,CSKA,Zagreb,TRUE
KHRYAPA VICTOR,28:35,16,4/5,1/1,5/5,1,6,7,4,2,1,0,0,3,4,28,12.14.2011,CSKA,Panathinaikos Athens,TRUE
KHRYAPA VICTOR,29:39,16,4/6,0/1,8/8,0,7,7,2,0,4,1,0,4,6,21,01.18.2012,CSKA,Olympiacos Piraeus,FALSE
KHRYAPA VICTOR,21:26,11,1/3,3/3,0,1,2,3,8,2,3,2,0,2,1,20,01.25.2012,CSKA,Anadolu Efes Istanbul,TRUE
KHRYAPA VICTOR,19:20,11,3/5,1/4,2/2,0,4,4,6,1,2,1,1,2,1,14,02.02.2012,CSKA,Galatasaray Medical Park,TRUE
KHRYAPA VICTOR,10:07,2,1/2,0/1,0,0,2,2,3,0,1,1,0,0,0,5,02.22.2012,CSKA,Olympiacos Piraeus,TRUE
KHRYAPA VICTOR,12:57,2,0/1,0,2/2,0,4,4,2,1,3,0,0,2,1,4,03.01.2012,CSKA,Anadolu Efes Istanbul,FALSE
KHRYAPA VICTOR,20:34,11,2/3,2/4,1/2,0,3,3,4,1,3,0,0,3,3,12,03.21.2012,CSKA,Gescrap Bilbao Basket,TRUE
KHRYAPA VICTOR,25:56,13,1/1,3/8,2/2,0,3,3,7,2,3,0,0,4,1,14,03.23.2012,CSKA,Gescrap Bilbao Basket,TRUE
KHRYAPA VICTOR,15:56,2,1/1,0/2,0,0,2,2,0,0,0,0,0,2,0,0,03.28.2012,CSKA,Gescrap Bilbao Basket,FALSE
KHRYAPA VICTOR,35:50,10,2/4,1/5,3/4,1,4,5,1,2,2,1,0,2,4,12,03.30.2012,CSKA,Gescrap Bilbao Basket,FALSE
KHRYAPA VICTOR,26:30,3,0/3,1/2,0,1,4,5,5,1,0,0,0,4,0,6,05.11.2012,CSKA,Panathinaikos Athens,TRUE
KHRYAPA VICTOR,28:47,3,0/2,1/2,0,0,6,6,1,1,3,0,0,5,4,4,05.13.2012,CSKA,Olympiacos Piraeus,TRUE
SHVED ALEXEY,23:45,19,3/4,2/4,7/8,0,1,1,2,0,0,0,0,2,5,21,10.17.2011,CSKA,Zalgiris Kaunas,FALSE
SHVED ALEXEY,15:21,4,2/5,0/1,0,0,0,0,6,0,2,1,0,2,2,5,10.26.2011,CSKA,Brose Baskets,TRUE
SHVED ALEXEY,24:57,7,1/4,1/2,2/2,0,0,0,7,0,1,0,0,2,1,8,11.02.2011,CSKA,Zagreb,FALSE
SHVED ALEXEY,21:02,10,3/9,1/3,1/1,0,3,3,1,1,0,0,1,1,2,7,11.10.2011,CSKA,Panathinaikos Athens,FALSE
SHVED ALEXEY,20:41,10,5/7,0/1,0,1,1,2,3,1,1,1,0,0,0,13,11.16.2011,CSKA,Unicaja Malaga,TRUE
SHVED ALEXEY,27:10,16,3/5,2/2,4/4,0,5,5,5,2,1,0,0,2,5,28,11.23.2011,CSKA,Zalgiris Kaunas,TRUE
SHVED ALEXEY,28:23,14,4/10,1/1,3/4,1,4,5,3,0,2,0,2,2,4,13,11.30.2011,CSKA,Brose Baskets,FALSE
SHVED ALEXEY,23:06,16,2/6,4/6,0,0,2,2,5,0,4,0,1,3,1,10,12.14.2011,CSKA,Panathinaikos Athens,TRUE
SHVED ALEXEY,25:52,12,3/5,2/6,0,1,1,2,4,2,3,2,0,1,0,12,12.21.2012,CSKA,Unicaja Malaga,FALSE
SHVED ALEXEY,21:51,7,2/2,1/3,0,0,1,1,0,1,2,0,0,3,0,2,01.18.2012,CSKA,Olympiacos Piraeus,FALSE
SHVED ALEXEY,23:17,11,1/2,3/5,0,0,1,1,4,0,2,0,0,3,2,10,01.25.2012,CSKA,Anadolu Efes Istanbul,TRUE
SHVED ALEXEY,20:54,10,2/4,1/3,3/4,1,2,3,3,1,3,0,0,2,3,10,02.02.2012,CSKA,Galatasaray Medical Park,TRUE
SHVED ALEXEY,26:24,11,0/4,3/4,2/3,2,3,5,3,1,1,0,1,0,2,14,02.09.2012,CSKA,Galatasaray Medical Park,FALSE
SHVED ALEXEY,22:26,10,2/2,2/3,0,0,2,2,5,0,2,0,0,3,1,12,02.22.2012,CSKA,Olympiacos Piraeus,TRUE
SHVED ALEXEY,27:00,11,1/1,3/8,0,0,3,3,6,1,2,0,0,2,2,14,03.01.2012,CSKA,Anadolu Efes Istanbul,FALSE
SHVED ALEXEY,19:17,15,4/4,1/3,4/4,1,2,3,1,1,2,0,0,2,2,16,03.21.2012,CSKA,Gescrap Bilbao Basket,TRUE
SHVED ALEXEY,13:47,4,1/6,0/2,2/2,4,1,5,2,0,1,0,1,4,3,1,03.23.2012,CSKA,Gescrap Bilbao Basket,TRUE
SHVED ALEXEY,20:50,15,0,5/7,0,0,2,2,1,0,2,0,0,2,1,13,03.28.2012,CSKA,Gescrap Bilbao Basket,FALSE
SHVED ALEXEY,10:53,2,0/3,0,2/2,3,0,3,0,0,0,0,0,0,2,4,03.30.2012,CSKA,Gescrap Bilbao Basket,FALSE
SHVED ALEXEY,19:42,15,4/6,1/2,4/6,1,4,5,0,0,2,0,0,1,4,16,05.11.2012,CSKA,Panathinaikos Athens,TRUE
SHVED ALEXEY,17:42,3,1/2,0/1,1/2,0,2,2,2,1,2,0,0,3,1,1,05.13.2012,CSKA,Olympiacos Piraeus,TRUE
KIRILENKO ANDREI,32:01,17,6/10,1/2,2/4,5,10,15,5,0,0,4,0,2,5,37,10.17.2011,CSKA,Zalgiris Kaunas,FALSE
KIRILENKO ANDREI,22:30,12,2/3,1/1,5/8,0,4,4,6,1,1,1,0,1,5,23,10.26.2011,CSKA,Brose Baskets,TRUE
KIRILENKO ANDREI,24:32,14,2/3,2/3,4/4,1,6,7,2,1,0,3,1,1,3,26,11.02.2011,CSKA,Zagreb,FALSE
KIRILENKO ANDREI,38:01,9,2/5,1/3,2/2,2,8,10,2,3,5,5,0,3,6,22,11.10.2011,CSKA,Panathinaikos Athens,FALSE
KIRILENKO ANDREI,34:59,17,1/2,1/1,12/13,2,7,9,2,6,1,3,0,2,7,39,11.16.2011,CSKA,Unicaja Malaga,TRUE
KIRILENKO ANDREI,34:12,11,3/6,0/1,5/6,3,1,4,3,0,0,3,0,1,5,20,01.18.2012,CSKA,Olympiacos Piraeus,FALSE
KIRILENKO ANDREI,24:00,15,4/4,1/2,4/4,1,7,8,2,2,1,1,0,2,6,30,01.25.2012,CSKA,Anadolu Efes Istanbul,TRUE
KIRILENKO ANDREI,24:59,9,3/5,0/2,3/3,2,4,6,2,2,3,3,0,1,5,19,02.02.2012,CSKA,Galatasaray Medical Park,TRUE
KIRILENKO ANDREI,23:21,10,2/2,1/3,3/4,1,3,4,2,1,3,0,0,4,4,11,02.09.2012,CSKA,Galatasaray Medical Park,FALSE
KIRILENKO ANDREI,26:32,11,3/4,1/1,2/2,1,6,7,1,1,2,1,0,2,2,18,02.22.2012,CSKA,Olympiacos Piraeus,TRUE
KIRILENKO ANDREI,29:52,15,3/7,2/6,3/4,0,3,3,4,3,1,1,0,0,5,21,03.01.2012,CSKA,Anadolu Efes Istanbul,FALSE
KIRILENKO ANDREI,25:43,11,4/4,1/3,0/3,2,3,5,3,2,1,1,0,2,3,17,03.21.2012,CSKA,Gescrap Bilbao Basket,TRUE
KIRILENKO ANDREI,35:38,20,4/6,1/5,9/12,1,11,12,0,0,2,2,0,1,9,31,03.23.2012,CSKA,Gescrap Bilbao Basket,TRUE
KIRILENKO ANDREI,26:26,16,3/9,0/3,10/11,4,2,6,3,0,1,0,1,3,8,18,03.28.2012,CSKA,Gescrap Bilbao Basket,FALSE
KIRILENKO ANDREI,37:49,23,3/4,4/7,5/8,1,7,8,2,1,0,0,0,2,4,29,03.30.2012,CSKA,Gescrap Bilbao Basket,FALSE
KIRILENKO ANDREI,33:33,17,4/9,2/4,3/7,3,6,9,1,0,0,4,1,2,8,25,05.11.2012,CSKA,Panathinaikos Athens,TRUE
KIRILENKO ANDREI,34:25,12,3/4,1/1,3/4,2,8,10,0,3,4,1,0,2,7,25,05.13.2012,CSKA,Olympiacos Piraeus,TRUE
HUNTER OTHELLO,19:16,6,1/3,0,4/4,0,1,1,0,2,0,0,0,3,3,7,10.11.2018,CSKA,FC Barcelona Lassa,TRUE
HUNTER OTHELLO,14:12,10,5/7,0,0,1,2,3,2,0,1,0,0,1,0,11,10.16.2018,CSKA,Maccabi FOX Tel Aviv,FALSE
HUNTER OTHELLO,23:08,6,3/6,0,0,4,4,8,2,0,0,0,1,4,1,9,10.18.2018,CSKA,Darussafaka Tekfen Istanbul,TRUE
HUNTER OTHELLO,23:31,16,7/9,0,2/4,3,3,6,0,1,1,0,0,3,2,17,10.26.2018,CSKA,Herbalife Gran Canaria,FALSE
HUNTER OTHELLO,19:43,4,2/3,0,0,1,0,1,1,1,1,0,0,3,1,3,11.01.2018,CSKA,Olympiacos Piraeus,TRUE
HUNTER OTHELLO,19:53,8,4/4,0,0/1,0,4,4,0,0,1,1,0,2,1,10,11.08.2018,CSKA,AX Armani Exchange Olimpia Milan,FALSE
HUNTER OTHELLO,22:33,10,4/5,0,2/2,3,4,7,0,1,0,0,0,4,3,16,11.16.2018,CSKA,FC Bayern Munich,FALSE
HUNTER OTHELLO,16:02,10,4/6,0,2/3,1,2,3,2,0,2,0,0,4,3,9,11.21.2018,CSKA,Zalgiris Kaunas,TRUE
HUNTER OTHELLO,16:20,8,3/5,0,2/2,2,2,4,2,0,1,0,0,2,1,10,11.23.2018,CSKA,Buducnost VOLI Podgorica,FALSE
HUNTER OTHELLO,20:22,8,4/7,0,0,2,4,6,3,1,1,1,1,1,1,14,11.29.2018,CSKA,Real Madrid,FALSE
HUNTER OTHELLO,14:17,6,3/7,0,0,1,5,6,1,0,2,0,0,3,0,4,12.07.2018,CSKA,KIROLBET Baskonia Vitoria-Gasteiz,FALSE
HUNTER OTHELLO,18:05,4,2/3,0,0,0,2,2,0,1,1,0,0,2,2,5,12.13.2018,CSKA,Khimki Moscow Region,TRUE
HUNTER OTHELLO,19:52,11,5/7,0,1/2,1,3,4,1,0,0,0,0,4,2,11,12.18.2018,CSKA,Fenerbahce Beko Istanbul,FALSE
HUNTER OTHELLO,25:31,13,6/10,0,1/1,3,2,5,1,1,0,0,1,3,1,13,12.20.2018,CSKA,Anadolu Efes Istanbul,TRUE
HUNTER OTHELLO,17:42,11,4/7,0,3/4,2,3,5,0,0,3,0,0,3,5,11,12.28.2018,CSKA,Panathinaikos OPAP Athens,FALSE
HUNTER OTHELLO,18:24,4,2/5,0,0,1,1,2,1,0,1,0,0,5,2,0,01.04.2019,CSKA,Zalgiris Kaunas,FALSE
HUNTER OTHELLO,15:26,10,5/5,0,0,1,3,4,1,2,1,1,0,3,1,15,01.09.2019,CSKA,Darussafaka Tekfen Istanbul,FALSE
HUNTER OTHELLO,26:48,12,5/8,0,2/4,3,6,9,0,0,1,1,1,2,4,17,01.11.2019,CSKA,Maccabi FOX Tel Aviv,TRUE
HUNTER OTHELLO,10:43,2,1/7,0,0,5,1,6,1,0,1,0,0,0,1,3,01.17.2019,CSKA,FC Bayern Munich,TRUE
HUNTER OTHELLO,19:01,8,3/3,0,2/2,1,4,5,0,0,0,0,0,2,1,12,01.25.2019,CSKA,FC Barcelona Lassa,FALSE
HUNTER OTHELLO,16:28,7,3/8,0,1/1,1,2,3,0,1,0,0,1,1,1,5,02.01.2019,CSKA,Buducnost VOLI Podgorica,TRUE
HUNTER OTHELLO,13:12,4,1/6,0,2/2,3,2,5,2,2,2,1,0,0,1,8,02.08.2019,CSKA,Real Madrid,TRUE
HUNTER OTHELLO,16:59,10,4/6,0,2/3,1,3,4,1,0,0,0,0,1,2,13,02.21.2019,CSKA,Herbalife Gran Canaria,TRUE
HUNTER OTHELLO,18:21,10,5/7,0,0,6,2,8,0,1,0,3,0,2,1,19,03.01.2019,CSKA,Olympiacos Piraeus,FALSE
HUNTER OTHELLO,25:17,19,9/12,0,1/2,6,1,7,4,0,3,1,0,3,2,23,03.08.2019,CSKA,AX Armani Exchange Olimpia Milan,TRUE
HUNTER OTHELLO,15:56,7,3/4,0,1/2,2,1,3,3,0,0,1,0,3,2,11,03.15.2019,CSKA,Panathinaikos OPAP Athens,TRUE
HUNTER OTHELLO,13:49,4,2/3,0,0,0,2,2,0,1,1,1,0,1,0,5,03.19.2019,CSKA,Anadolu Efes Istanbul,FALSE
HUNTER OTHELLO,12:31,4,2/4,0,0,1,1,2,0,0,0,0,1,3,0,0,03.21.2019,CSKA,Fenerbahce Beko Istanbul,TRUE
HUNTER OTHELLO,15:29,4,0/2,0,4/6,1,0,1,0,1,1,0,1,4,3,-1,03.29.2019,CSKA,Khimki Moscow Region,FALSE
HUNTER OTHELLO,15:01,2,1/4,0,0,1,4,5,0,0,0,1,0,3,0,2,04.04.2019,CSKA,KIROLBET Baskonia Vitoria-Gasteiz,TRUE
HUNTER OTHELLO,18:36,7,3/3,0,1/2,1,4,5,2,1,0,0,0,0,1,15,04.16.2019,CSKA,KIROLBET Baskonia Vitoria-Gasteiz,TRUE
HUNTER OTHELLO,18:50,4,2/4,0,0,1,2,3,0,1,1,0,0,2,3,6,04.18.2019,CSKA,KIROLBET Baskonia Vitoria-Gasteiz,TRUE
HUNTER OTHELLO,11:44,6,2/5,0,2/2,3,2,5,1,1,0,1,1,5,1,6,04.24.2019,CSKA,KIROLBET Baskonia Vitoria-Gasteiz,FALSE
HUNTER OTHELLO,14:03,6,2/4,0,2/2,4,1,5,0,0,0,1,0,1,1,10,04.26.2019,CSKA,KIROLBET Baskonia Vitoria-Gasteiz,FALSE
HUNTER OTHELLO,20:39,8,4/6,0,0,2,3,5,0,0,0,0,1,1,2,11,05.17.2019,CSKA,Real Madrid,TRUE
HUNTER OTHELLO,16:57,7,2/3,0,3/4,0,1,1,0,0,1,1,0,0,3,9,05.19.2019,CSKA,Anadolu Efes Istanbul,FALSE
RODRIGUEZ SERGIO,22:32,12,1/2,2/4,4/4,1,1,2,4,0,2,0,0,2,4,15,10.11.2018,CSKA,FC Barcelona Lassa,TRUE
RODRIGUEZ SERGIO,19:22,4,0/3,1/6,1/2,0,1,1,1,1,0,0,2,0,2,-2,10.16.2018,CSKA,Maccabi FOX Tel Aviv,FALSE
RODRIGUEZ SERGIO,22:44,11,4/7,1/4,0,1,1,2,3,0,1,0,0,1,1,9,10.18.2018,CSKA,Darussafaka Tekfen Istanbul,TRUE
RODRIGUEZ SERGIO,27:00,11,1/3,3/7,0,1,4,5,8,0,1,0,0,3,4,18,10.26.2018,CSKA,Herbalife Gran Canaria,FALSE
RODRIGUEZ SERGIO,31:59,20,1/5,6/10,0,0,2,2,5,1,4,0,0,2,0,14,11.01.2018,CSKA,Olympiacos Piraeus,TRUE
RODRIGUEZ SERGIO,22:10,5,1/3,1/4,0,0,0,0,10,1,2,0,1,1,0,7,11.08.2018,CSKA,AX Armani Exchange Olimpia Milan,FALSE
RODRIGUEZ SERGIO,23:53,12,0/1,4/11,0,0,0,0,8,1,1,0,0,2,2,12,11.16.2018,CSKA,FC Bayern Munich,FALSE
RODRIGUEZ SERGIO,37:08,24,2/6,6/10,2/2,0,2,2,6,2,2,1,0,0,2,27,11.21.2018,CSKA,Zalgiris Kaunas,TRUE
RODRIGUEZ SERGIO,20:19,6,0/1,2/5,0,0,1,1,5,0,3,0,0,2,0,3,11.23.2018,CSKA,Buducnost VOLI Podgorica,FALSE
RODRIGUEZ SERGIO,25:23,3,0/3,1/4,0,0,2,2,5,1,1,0,1,2,0,1,12.07.2018,CSKA,KIROLBET Baskonia Vitoria-Gasteiz,FALSE
RODRIGUEZ SERGIO,14:59,12,1/2,2/3,4/4,0,0,0,5,0,3,0,0,2,3,13,12.13.2018,CSKA,Khimki Moscow Region,TRUE
RODRIGUEZ SERGIO,26:06,11,3/4,1/5,2/2,0,2,2,4,1,2,0,0,2,2,11,12.18.2018,CSKA,Fenerbahce Beko Istanbul,FALSE
RODRIGUEZ SERGIO,15:12,8,3/4,0/1,2/2,1,2,3,4,0,4,0,0,1,1,9,12.20.2018,CSKA,Anadolu Efes Istanbul,TRUE
RODRIGUEZ SERGIO,10:37,2,1/3,0/2,0,0,1,1,1,0,0,0,0,2,0,-2,12.28.2018,CSKA,Panathinaikos OPAP Athens,FALSE
RODRIGUEZ SERGIO,23:46,6,1/6,1/5,1/1,2,3,5,3,3,1,1,0,3,5,10,01.04.2019,CSKA,Zalgiris Kaunas,FALSE
RODRIGUEZ SERGIO,20:50,11,5/5,0/2,1/2,0,1,1,6,2,2,0,0,4,3,14,01.09.2019,CSKA,Darussafaka Tekfen Istanbul,FALSE
RODRIGUEZ SERGIO,16:32,2,1/4,0/2,0,0,1,1,2,0,1,0,0,4,2,-3,01.11.2019,CSKA,Maccabi FOX Tel Aviv,TRUE
RODRIGUEZ SERGIO,25:12,11,2/3,2/7,1/1,0,0,0,6,1,3,0,1,4,0,4,01.17.2019,CSKA,FC Bayern Munich,TRUE
RODRIGUEZ SERGIO,26:20,10,4/7,0/4,2/3,0,3,3,7,0,2,0,1,4,2,7,01.25.2019,CSKA,FC Barcelona Lassa,FALSE
RODRIGUEZ SERGIO,16:55,14,2/2,3/5,1/2,0,1,1,2,1,4,0,0,1,1,11,02.01.2019,CSKA,Buducnost VOLI Podgorica,TRUE
RODRIGUEZ SERGIO,14:53,6,1/1,1/3,1/1,0,1,1,1,2,3,0,0,3,2,4,02.08.2019,CSKA,Real Madrid,TRUE
RODRIGUEZ SERGIO,25:54,18,3/5,3/4,3/3,0,1,1,8,1,4,0,0,2,2,21,02.21.2019,CSKA,Herbalife Gran Canaria,TRUE
RODRIGUEZ SERGIO,26:52,15,3/4,3/7,0,0,1,1,12,0,1,0,0,2,3,23,03.01.2019,CSKA,Olympiacos Piraeus,FALSE
RODRIGUEZ SERGIO,18:03,6,0/5,2/5,0,0,0,0,7,1,1,0,1,1,1,4,03.08.2019,CSKA,AX Armani Exchange Olimpia Milan,TRUE
RODRIGUEZ SERGIO,32:36,23,3/7,5/8,2/2,1,1,2,2,2,5,0,0,2,2,17,03.15.2019,CSKA,Panathinaikos OPAP Athens,TRUE
RODRIGUEZ SERGIO,16:38,7,3/4,0/3,1/1,1,0,1,4,0,1,0,0,2,2,7,03.19.2019,CSKA,Anadolu Efes Istanbul,FALSE
RODRIGUEZ SERGIO,18:33,9,3/4,1/2,0,0,0,0,4,0,3,0,0,2,2,8,03.21.2019,CSKA,Fenerbahce Beko Istanbul,TRUE
RODRIGUEZ SERGIO,22:18,5,1/3,0/4,3/3,0,3,3,5,0,3,0,0,3,2,3,03.29.2019,CSKA,Khimki Moscow Region,FALSE
RODRIGUEZ SERGIO,15:01,6,1/2,1/2,1/2,0,0,0,0,0,1,0,0,2,2,2,04.04.2019,CSKA,KIROLBET Baskonia Vitoria-Gasteiz,TRUE
RODRIGUEZ SERGIO,20:45,19,2/3,5/6,0,0,1,1,5,0,1,0,0,3,2,21,04.16.2019,CSKA,KIROLBET Baskonia Vitoria-Gasteiz,TRUE
RODRIGUEZ SERGIO,29:41,14,1/3,4/11,0,0,2,2,3,1,4,0,0,2,1,6,04.18.2019,CSKA,KIROLBET Baskonia Vitoria-Gasteiz,TRUE
RODRIGUEZ SERGIO,24:21,3,0/2,1/5,0,1,4,5,7,1,4,0,0,3,0,3,04.24.2019,CSKA,KIROLBET Baskonia Vitoria-Gasteiz,FALSE
RODRIGUEZ SERGIO,14:58,2,1/3,0/3,0,0,0,0,2,0,2,0,0,1,2,-2,04.26.2019,CSKA,KIROLBET Baskonia Vitoria-Gasteiz,FALSE
RODRIGUEZ SERGIO,20:54,23,5/9,3/5,4/4,0,0,0,4,0,2,0,1,4,3,17,05.17.2019,CSKA,Real Madrid,TRUE
RODRIGUEZ SERGIO,14:32,6,0/2,2/2,0,0,2,2,0,1,2,0,0,0,0,5,05.19.2019,CSKA,Anadolu Efes Istanbul,FALSE
HIGGINS CORY,21:07,18,1/4,5/7,1/1,1,4,5,2,1,0,0,0,4,2,19,10.11.2018,CSKA,FC Barcelona Lassa,TRUE
HIGGINS CORY,22:10,13,5/10,1/1,0,1,3,4,0,0,1,0,1,1,6,15,10.16.2018,CSKA,Maccabi FOX Tel Aviv,FALSE
HIGGINS CORY,22:09,14,5/9,0/2,4/5,2,1,3,0,0,1,2,0,4,4,11,10.18.2018,CSKA,Darussafaka Tekfen Istanbul,TRUE
HIGGINS CORY,24:29,17,4/5,3/4,0/1,0,0,0,4,2,3,1,0,4,3,17,10.26.2018,CSKA,Herbalife Gran Canaria,FALSE
HIGGINS CORY,24:38,11,3/11,0/3,5/7,3,2,5,0,1,1,0,1,1,6,7,11.01.2018,CSKA,Olympiacos Piraeus,TRUE
HIGGINS CORY,30:20,23,6/8,1/3,8/8,0,2,2,2,2,2,0,0,2,7,28,11.08.2018,CSKA,AX Armani Exchange Olimpia Milan,FALSE
HIGGINS CORY,22:39,18,4/5,2/3,4/5,0,1,1,5,1,0,0,0,4,4,22,11.16.2018,CSKA,FC Bayern Munich,FALSE
HIGGINS CORY,36:36,23,7/11,1/4,6/7,0,2,2,1,0,0,1,0,4,8,23,11.21.2018,CSKA,Zalgiris Kaunas,TRUE
HIGGINS CORY,20:20,12,2/3,2/3,2/2,0,0,0,3,0,4,1,0,3,2,9,11.23.2018,CSKA,Buducnost VOLI Podgorica,FALSE
HIGGINS CORY,25:06,24,5/8,4/7,2/2,0,0,0,4,0,2,0,0,3,1,18,11.29.2018,CSKA,Real Madrid,FALSE
HIGGINS CORY,29:45,17,3/6,2/3,5/6,1,3,4,3,1,1,0,0,1,7,25,12.07.2018,CSKA,KIROLBET Baskonia Vitoria-Gasteiz,FALSE
HIGGINS CORY,17:49,11,0/1,1/2,8/8,0,2,2,2,0,3,0,0,2,4,12,12.13.2018,CSKA,Khimki Moscow Region,TRUE
HIGGINS CORY,29:00,12,2/6,2/2,2/4,0,1,1,0,1,1,0,1,3,3,6,12.18.2018,CSKA,Fenerbahce Beko Istanbul,FALSE
HIGGINS CORY,18:29,9,3/8,1/1,0,0,0,0,1,0,0,0,0,4,1,2,12.20.2018,CSKA,Anadolu Efes Istanbul,TRUE
HIGGINS CORY,23:35,12,2/8,2/3,2/2,1,2,3,1,0,1,0,0,4,5,9,12.28.2018,CSKA,Panathinaikos OPAP Athens,FALSE
HIGGINS CORY,19:33,11,2/4,2/4,1/2,1,1,2,0,0,2,0,1,4,3,4,01.04.2019,CSKA,Zalgiris Kaunas,FALSE
HIGGINS CORY,23:33,13,6/10,0,1/2,1,0,1,2,2,1,0,1,2,4,13,01.09.2019,CSKA,Darussafaka Tekfen Istanbul,FALSE
HIGGINS CORY,17:56,6,2/6,0/2,2/2,1,1,2,2,0,1,0,0,3,2,2,01.11.2019,CSKA,Maccabi FOX Tel Aviv,TRUE
HIGGINS CORY,22:40,15,5/11,1/2,2/2,1,2,3,1,0,1,0,0,3,4,12,02.08.2019,CSKA,Real Madrid,TRUE
HIGGINS CORY,27:52,18,4/6,2/3,4/4,1,2,3,1,0,0,0,0,1,4,22,03.01.2019,CSKA,Olympiacos Piraeus,FALSE
HIGGINS CORY,26:42,18,4/8,2/3,4/4,0,2,2,4,0,1,0,1,1,3,19,03.08.2019,CSKA,AX Armani Exchange Olimpia Milan,TRUE
HIGGINS CORY,31:27,14,2/9,1/3,7/7,1,2,3,1,0,4,1,2,1,9,12,03.15.2019,CSKA,Panathinaikos OPAP Athens,TRUE
HIGGINS CORY,29:27,19,7/9,1/3,2/2,1,0,1,5,0,1,0,0,2,4,22,03.19.2019,CSKA,Anadolu Efes Istanbul,FALSE
HIGGINS CORY,24:56,15,3/4,3/5,0,0,1,1,1,0,1,0,0,1,3,15,03.21.2019,CSKA,Fenerbahce Beko Istanbul,TRUE
HIGGINS CORY,23:31,11,1/4,1/2,6/6,1,2,3,0,1,0,1,2,1,9,18,03.29.2019,CSKA,Khimki Moscow Region,FALSE
HIGGINS CORY,25:16,14,2/5,2/4,4/4,0,1,1,1,0,1,0,1,0,4,13,04.04.2019,CSKA,KIROLBET Baskonia Vitoria-Gasteiz,TRUE
HIGGINS CORY,24:37,12,2/4,1/2,5/5,0,3,3,2,0,4,0,0,1,6,15,04.16.2019,CSKA,KIROLBET Baskonia Vitoria-Gasteiz,TRUE
HIGGINS CORY,27:29,15,3/5,2/6,3/3,0,1,1,3,0,2,0,0,4,4,11,04.18.2019,CSKA,KIROLBET Baskonia Vitoria-Gasteiz,TRUE
HIGGINS CORY,24:54,11,3/5,1/3,2/2,0,5,5,2,0,1,1,0,3,3,14,04.24.2019,CSKA,KIROLBET Baskonia Vitoria-Gasteiz,FALSE
HIGGINS CORY,31:43,19,4/9,1/6,8/9,0,1,1,2,1,0,0,2,3,10,17,04.26.2019,CSKA,KIROLBET Baskonia Vitoria-Gasteiz,FALSE
HIGGINS CORY,30:54,11,1/6,0/3,9/10,0,3,3,1,0,1,0,1,3,5,6,05.17.2019,CSKA,Real Madrid,TRUE
HIGGINS CORY,33:08,20,2/5,4/5,4/4,1,2,3,2,0,2,0,0,3,7,23,05.19.2019,CSKA,Anadolu Efes Istanbul,FALSE
